Index	Target
0	here , soledad o'brien takes users inside a jail where many of the inmates are mentally ill . an inmate housed on the `` forgotten floor , '' where many mentally ill inmates are housed in miami before trial . mentally ill people often wo n't do what they 're told when police arrive on the scene -- confrontation seems to exacerbate their illness and they become more paranoid , delusional , and less likely to follow directions , according to leifman .
1	1 million -rrb- fortune as he turns 18 on monday , but he insists the money wo n't cast a spell on him . daniel radcliffe as harry potter in `` harry potter and the order of the phoenix '' to the disappointment of gossip columnists around the world , the young actor says he has no plans to fritter his cash away on fast cars , drink and celebrity parties . `` i do n't plan to be one of those people who , as soon as they turn 18 , suddenly buy themselves a massive sports car collection or something similar , '' he told an australian interviewer earlier this month .
2	minneapolis , minnesota -lrb- cnn -rrb- -- drivers who were on the minneapolis bridge when it collapsed told harrowing tales of survival . `` the whole bridge from one side of the mississippi to the other just completely gave way , fell all the way down , '' survivor gary babineau told cnn . `` i realized there was a school bus right next to me , and me and a couple of other guys went over and started lifting the kids off the bridge .
3	baghdad , iraq -lrb- cnn -rrb- -- dressed in a superman shirt , 5-year-old youssif held his sister 's hand friday , seemingly unaware that millions of people across the world have been touched by his story . nearby , his parents talked about the new future and hope they have for their boy -- and the potential for recovery from his severe burns . it 's the best birthday present the iraqi family could ever have imagined for their boy : youssif turns 6 next friday .
4	washington -lrb- cnn -rrb- -- doctors removed five small polyps from president bush 's colon on saturday , and `` none appeared worrisome , '' a white house spokesman said . the polyps were removed and sent to the national naval medical center in bethesda , maryland , for routine microscopic examination , spokesman scott stanzel said . he spoke to first lady laura bush -- who is in midland , texas , celebrating her mother 's birthday -- before and after the procedure , stanzel said .
5	earlier , vick admitted to participating in a dogfighting ring as part of a plea agreement with federal prosecutors in virginia . in papers filed friday with a federal court in virginia , vick also admitted that he and two co-conspirators killed dogs that did not fight well . in an additional summary of facts , signed by vick and filed with the agreement , vick admitted buying pit bulls and the property used for training and fighting the dogs , but the statement said he did not bet on the fights or receive any of the money won .
6	baghdad , iraq -lrb- cnn -rrb- -- the women are too afraid and ashamed to show their faces or have their real names used . they have been driven to sell their bodies to put food on the table for their children -- for as little as $ 8 a day . `` people should n't criticize women , or talk badly about them , '' says 37-year-old suha as she adjusts the light colored scarf she wears these days to avoid extremists who insist women cover themselves .
7	washington -lrb- cnn -rrb- -- white house press secretary tony snow , who is undergoing treatment for cancer , will step down from his post september 14 and be replaced by deputy press secretary dana perino , the white house announced friday . flanked by snow and perino in the white house press room , the president spoke warmly of his departing press secretary . watch the announcement about snow leaving '' bush said he was certain of two things in regard to snow .
8	washington -lrb- cnn -rrb- -- as he awaits a crucial progress report on iraq , president bush will try to put a twist on comparisons of the war to vietnam by invoking the historical lessons of that conflict to argue against pulling out . `` three decades later , there is a legitimate debate about how we got into the vietnam war and how we left , '' bush will say . s. credibility , citing a quote from al qaeda leader osama bin laden that the american people would rise against the iraq war the same way they rose against the war in vietnam , according to the excerpts .
9	washington -lrb- cnn -rrb- -- there is `` no remaining hope '' of finding six men trapped for almost a month in a utah coal mine alive , a federal official said saturday . `` over the past 25 days , the mine safety and health administration has exhausted all known options in our attempt to reach the six miners , '' richard stickler , head of the agency , said in a statement . `` we basically told the families that at this point in time we 've run out of options , '' stickler said at a news conference late friday .
10	tomas medina caracas , known popularly as `` el negro acacio , '' was a member of the high command of the fuerzas armadas revolucionarias de colombia and , according to colombian and u. he was charged with conspiracy to import cocaine into the united states and manufacturing and distributing cocaine within colombia to fund the farc 's 42-year insurgency against the government . s. officials alleged medina caracas managed the rebel group 's sales of cocaine to international drug traffickers , who in turn smuggled it into the united states .
11	-lrb- cnn -rrb- -- police and fbi agents are investigating the discovery of an empty rocket launcher tube on the front lawn of a jersey city , new jersey , home , fbi spokesman sean quinn said . niranjan desai discovered the 20-year-old at4 anti-tank rocket launcher tube , a one-time-use device , lying on her lawn friday morning , police said . s. army officials at the 754th ordnance company , an explosive ordnance disposal unit , at fort monmouth , new jersey , army officials said .
12	london , england -lrb- cnn -rrb- -- a chronology of bombings and attempted bomb attacks in the mainland uk since the 1970s : . june 29 , 2007 : police defuse a bomb consisting of 200 liters of fuel , gas cylinders and nails found in an abandoned car in haymarket , central london . july 21 , 2005 : two weeks after the deadly 7/7 bombings , four men are alleged to have attempted to carry out a second wave of attacks against london 's transport network at three london underground stations and aboard a bus .
13	san francisco , california -lrb- cnn -rrb- -- a magnitude 4. 2 earthquake shook the san francisco area friday at 4:42 a. the quake left about 2,000 customers without power , said david eisenhower , a spokesman for pacific gas and light .
14	-lrb- cnn -rrb- -- at least 14 people were killed and 60 others wounded thursday when a bomb ripped through a crowd waiting to see algeria 's president in batna , east of the capital of algiers , the algerie presse service reported . m. about 20 meters -lrb- 65 feet -rrb- from a mosque in batna , a town about 450 kilometers -lrb- 280 miles -rrb- east of algiers , security officials in batna told the state-run news agency . later thursday , algeria 's interior minister noureddine yazid zerhouni said `` a suspect person who was among the crowd attempted to go beyond the security cordon , '' but the person escaped `` immediately after the bomb exploded , '' the press service reported .
15	-lrb- cnn -rrb- -- a virus found in healthy australian honey bees may be playing a role in the collapse of honey bee colonies across the united states , researchers reported thursday . colony collapse disorder has killed millions of bees -- up to 90 percent of colonies in some u. signs of colony collapse disorder were first reported in the united states in 2004 , the same year american beekeepers started importing bees from australia .
16	washington -lrb- cnn -rrb- -- vice president dick cheney will serve as acting president briefly saturday while president bush is anesthetized for a routine colonoscopy , white house spokesman tony snow said friday . bush is scheduled to have the medical procedure , expected to take about 2 1/2 hours , at the presidential retreat at camp david , maryland , snow said . bush 's last colonoscopy was in june 2002 , and no abnormalities were found , snow said .
17	long lines formed before counters opened at the northern rock building society , one of the uk 's top five lenders , as worried customers ignored reassurances from the bank and the government . customers are believed to have already withdrawn about # 1 billion -lrb- $ 2 billion -rrb- since the bank 's woes were revealed , prompting speculation that the global credit crunch made raising funds through commercial borrowing difficult . it said : `` northern rock is a sound and safe bank and there is absolutely no reason for either mortgage customers or savers to worry .
18	now , david beckham is headed for the hollywood hills as he takes his game to u. this week , we take an in depth look at the life and times of beckham , as cnn 's very own `` becks , '' becky anderson , sets out to examine what makes the man tick -- as footballer , fashion icon and global phenomenon . it 's a long way from the streets of east london to the hollywood hills and becky charts beckham 's incredible rise to football stardom , a journey that has seen his skills grace the greatest stages in world soccer .
19	bremen , germany -- carlos alberto , who scored in fc porto 's champions league final victory against monaco in 2004 , has joined bundesliga club werder bremen for a club record fee of 7. `` i 'm here to win titles with werder , '' the 22-year-old said after his first training session with his new club . in january 2004 he moved on to fc porto , who were coached by josé mourinho , and the club won the portuguese title as well as the champions league .
20	'' it is n't shakespeare , but it is the dramatic question hollywood filmmakers are asking about lindsay lohan following her legal troubles this week . while some producers may balk at conditions for hiring problematic stars , experts say that unless an actor is serving time in prison , even the most volatile can be covered -- albeit at a high cost . `` for a price , anything can be done , although an insurance carrier can make things so unpalatable that at times the makers of the film just wo n't be interested , '' said ross miller , partner with insurance brokerage d.
21	further complicating things , beethoven had hideous handwriting -- to the point that some scholars speculate the song was actually written `` for therese , '' as in therese malfatti , one of several women who turned down a marriage proposal from the notoriously lovesick maestro . written for : billie jean king , as a thank-you for a tracksuit she gave elton . and what a tracksuit it must have been ! the 1975 song remains one of the most popular disco hits ever , leaving thousands of hustle enthusiasts wondering just what billie jean king had to do with philadelphia , anyway .
22	los angeles , california -lrb- cnn -rrb- -- youssif , the 5-year-old burned iraqi boy , rounded the corner at universal studios when suddenly the little boy hero met his favorite superhero . spidey then gave the boy from a far-away land a gentle hug , embracing him in his iconic blue and red tights . `` all right youssif ! '' spider-man said after the boy mimicked his wrist movement .
23	simpson is accused of having directed several other men in an alleged armed robbery of sports memorabilia in a room at a las vegas hotel room . las vegas authorities said they have no information leading them to believe simpson was carrying a firearm during the alleged incident at the palace station hotel and casino . police said simpson and other men burst into the room and walked out with the memorabilia , including some that was unrelated to simpson , police said .
24	-lrb- cnn -rrb- -- a marine convicted for his role in the death of an iraqi civilian was sentenced friday to a reduction in rank and will be discharged . thomas was found guilty wednesday of kidnapping and conspiracy to commit several offenses -- including murder , larceny , housebreaking , kidnapping , and making false official statements -- for his involvement in the april 2006 death in hamdaniya , iraq . the 25-year-old was among seven marines and a navy medic who were charged in connection with the death of hashim ibrahim awad , 52 .
25	italy -- italy and roma striker francesco totti has threatened to quit the italian players association , in a row over the starting date of the next serie a season . the row began last month , when the italian football league , which is run by the presidents of clubs in the country 's top two divisions , voted to start the season on august 26 . in doing so , they ignored a request by italy coach roberto donadoni to play the first round of matches midway through the month , to give his players time to gain match-fitness ahead of euro 2008 qualifiers against france and ukraine in early september .
26	-lrb- cnn -rrb- -- a former government contract employee was indicted on charges of stealing restricted nuclear energy-related materials and putting the united states at risk , the department of justice announced thursday . oakley was briefly detained for questioning in the case in january , when authorities first learned of the alleged plot to divulge the materials , government sources told cnn . oakley is a former employee of bechtel jacobs , the department of energy 's prime environmental management contractor at the east tennessee technology park , prosecutors said .
27	lagos , nigeria -lrb- reuters -rrb- -- nigeria 's television survival show has been suspended after a contestant drowned in preparation for the program , said dutch brewer heineken 's local unit which is sponsoring the show . anthony ogadje , 25 , and nine other contestants had gone to shere hills lake in nigeria 's hilly plateau state to prepare for the `` gulder ultimate search , '' which sets a variety of physical challenges for participants . the winner was to get 5 million naira -lrb- about $ 39,000 -rrb- in cash , a four-wheel drive jeep and another 500,000 naira -lrb- about $ 3,900 -rrb- to buy clothes .
28	hong kong , china -lrb- reuters -rrb- -- paul lee got his liver from an executed chinese prisoner ; karam in egypt bought a kidney for his sister for $ 5,300 ; in istanbul hakan is holding out for $ 30,700 for one of his kidneys . lee , a 53-year-old chief subway technician in hong kong , was diagnosed with liver cancer in january 2005 but doctors denied him a transplant because they feared the tumor would spread . that april , he paid 260,000 yuan -lrb- $ 34,380 -rrb- for a transplant -- surgery that saved his life .
29	baghdad , iraq -lrb- cnn -rrb- -- twelve-year-old mohammed rasoul , his right leg severed below the knee , maneuvers on crutches over the dirt and loose stones through the falluja graveyard . mohammed rasoul sitting with his mother , jinan khalifa , eagerly awaits his trip to the united states . every time i remember her , i cry , '' he told cnn at a visit to the grave a few months ago .
30	phuket , thailand -lrb- cnn -rrb- -- relatives of the 89 people killed in sunday 's plane crash in phuket continued to arrive in the thai resort town on tuesday to try to identify their loved ones ' remains . a buddhist monk blesses the wreckage of one-two-go airline 's md-82 jet at phuket airport on tuesday . most of those killed were foreign nationals , and about 36 of the bodies still have yet to be identified , according to thailand 's state-run thai news agency -lrb- tna -rrb- .
31	london , england -lrb- cnn -rrb- -- prince harry led tributes to diana , princess of wales on the 10th anniversary of her death , describing her as `` the best mother in the world '' in a speech at a memorial service . there were those years when we were blessed with the physical presence beside us of both our mother and father . when she was alive , we completely took for granted her unrivaled love of life , laughter , fun and folly .
32	washington -lrb- cnn -rrb- -- allegations that blackwater usa -- whose operations were suspended after 20 iraqi civilians were shot to death last weekend -- was `` in any way associated or complicit in unlawful arms activities are baseless , '' the company asserted saturday . federal prosecutors are investigating allegations that employees of blackwater illegally purchased weapons and sold them in iraq , according to u. s. attorney 's office in raleigh , north carolina , is in the early stages of an investigation that focuses on individual company employees , and not the firm .
33	-lrb- cnn -rrb- -- filmmaker michael moore , whose new documentary `` sicko '' takes on america 's health care system , faced off tuesday with cnn chief medical correspondent and practicing neurosurgeon dr. michael moore and cnn 's sanjay gupta argued tuesday about gupta 's report on moore 's film `` sicko '' moore criticized a report gupta did on cnn monday on `` sicko . '' `` he said the facts were fudged , '' moore said , referring to gupta , on cnn 's `` larry king live .
34	london , england -lrb- cnn -rrb- -- french foreign minister bernard kouchner 's declaration that france had to prepare for the possibility of war against iran over its nuclear program was not conventional diplomatic behavior . a surprise appointment from the socialist ranks to nicolas sarkozy 's conservative government , the founder of medicins sans frontiers has always challenged convention and authority . he was in his youth one of the leaders of the students revolt in france in may 1968 .
35	london , england -- chelsea are waiting on the fitness of john terry ahead of wednesday 's champions league match with valencia , but frank lampard has been ruled out . john terry tries out his protective mask during training for chelsea on tuesday . center-back terry suffered a broken cheekbone during saturday 's 0-0 draw with fulham , and chelsea manager avram grant will see how he fares during training on tuesday before making a decision on his availability .
36	washington -lrb- cnn -rrb- -- some democrats appear to be wavering on a highly contentious house resolution labeling turkey 's treatment of armenians in world war i as genocide . a kc-135 tanker lands at incirlik air base in southern turkey in 2003 . s. ally and nato partner , was incensed by the resolution calling the killing of armenians by ottoman turks genocide and threatened to block access to incirlik air base after the resolution passed a house committee vote .
37	washington -lrb- cnn -rrb- -- a wide-open presidential race and a willingness by candidates , interest groups , unions and corporations to buy tv time will lead to historic spending for political and issue-advocacy advertising in the 2008 election cycle , an analysis shows . the cost to try to influence the 2008 election could exceed $ 3 billion , according to tns media intelligence/campaign media analysis group , cnn 's consultant on political television advertising . this is nearly twice as much than what was spent in 2004 when political and issue-advocacy television advertising rang in at $ 1.
38	new delhi , india -lrb- reuters -rrb- -- india has elected its first female president , official results show , in what supporters are calling a boost for the rights of millions of downtrodden women , despite a bitter campaign marked by scandal . pratibha patil , the ruling coalition 's 72-year-old nominee for the mainly ceremonial post , easily beat opposition-backed challenger and vice president , bhairon singh shekhawat , in a vote by the national parliament and state politicians . `` i am grateful to the people of india and the men and women of india and this is a victory for the principles which our indian people uphold .
39	-lrb- cnn -rrb- -- explorer dennis schmitt found an island nearly two years ago near greenland . `` one -lsb- was -rsb- that this was going to be significant because it was going to be an example of climate change . many climatologists and scientists say arctic ice melt and other changes in the earth 's climate are the result of an increase in the world 's temperature , a trend widely called global warming .
40	abeche , chad -lrb- cnn -rrb- -- most of the 103 children that a french charity attempted to take to france from chad for adoption are neither sudanese nor orphans , three international aid agencies reported on thursday . six members of zoe 's ark were arrested last week as they tried to put the children on a plane to france , where the charity said host families were waiting to take the children in . the president would legally be able to intervene in the case if it is transferred from a judge in the eastern city of abeche , where the children were taken , to a judge in n'djamena , the capital , hissene said .
41	san diego , california -lrb- cnn -rrb- -- more than 100 homes in an upscale san diego community were evacuated after a landslide about 60 yards wide pulled the earth from beneath a three-lane road and some of the multimillion-dollar homes that adorn it . mayor jerry sanders declared a state of emergency , asking california and the federal government to help the la jolla community recover from the wednesday landslide . holes were drilled into the unsettled hillside to investigate the cause and magnitude of the shift , which earlier ruptured a water line , and according to some media reports , began cracking soledad mountain road in july .
42	the ukrainian battled through with a 6-1 4-6 7-5 victory over american qualifier julie ditty in the semifinals . she reached a career high of 33rd in the world rankings back in may , but is now 36th . `` sometimes you play your best and win easy , but sometimes you do n't play your best and really have to fight hard , '' said vakulenko , who squandered points for 5-3 leads in both the second and third sets .
43	islamabad , pakistan -lrb- cnn -rrb- -- hours after declaring a state of emergency saturday , pakistani president pervez musharraf ordered troops to take a television station 's equipment and put a popular opposition leader under house arrest . on sunday , police arrested the javed hashmi , the acting president of ex-prime minister nawaz sharif 's opposition party was arrested , along with 10 aides , the associated press reported . the supreme court declared the state of emergency illegal , claiming musharraf -- who also is pakistan 's military chief -- had no power to suspend the constitution , chief justice iftikhar mohammed chaudhry said .
44	-lrb- cnn -rrb- -- the chief operating officer of the national children 's museum was arrested tuesday and is charged with distributing child pornography over the internet , authorities said . singer is accused of sending images depicting child pornography to people he believed to be a 12-year-old girl and her 33-year-old mother , according to a statement issued by u. some of the pornographic images were sent from singer 's computer at the museum , according to an affidavit filed in support of the charges by a special agent who investigates child pornography and child exploitation for u.
45	a 1961 firetruck loads up with water from a hydrant in alabama to haul back to orme , tennessee . the mountain spring that supplies water to the town usually dries up at the end of summer , but just for a few days . this year it dried up early , on august 1 , and has n't revived , leaving the town 's 145 residents high and dry and relying on water trucked in from the next state .
46	-lrb- cnn -rrb- -- with his hands and feet shackled and his face obscured by his long hair , chester arthur stiles made his initial court appearance in las vegas , nevada , on wednesday morning on charges stemming from the videotaped rape of a 2-year-old girl . stiles , 37 , was taken into custody monday night after a henderson , nevada , police officer pulled over the white buick century he was driving . prosecutors added a couple more charges before wednesday 's hearing , bringing the total to 23 felony counts , including a charge of lewdness with a minor , sexual assault and the use of a child in the production of pornography , according to a statement issued by the clark county , nevada , court .
47	-lrb- cnn -rrb- -- after weeks of controversy over michael mukasey 's views on waterboarding , the senate late thursday approved the former judge 's nomination for attorney general by a 53-40 vote . the nomination had been considered at risk after a number of democratic senators opposed mukasey because of questions that arose from his views on the terror interrogation technique known as waterboarding and the president 's power to order electronic surveillance . mukasey , a former federal judge in new york , told senators he considers waterboarding `` repugnant , '' but he could not categorically say whether the technique amounts to torture , which u.
48	mogadishu , somalia -lrb- cnn -rrb- -- an enraged crowd dragged the body of an ethiopian soldier through the streets of somalia 's capital thursday after gun battles with islamic insurgents killed 19 people , witnesses reported . s. troops were dragged through the streets , crowds thursday shouted `` god is great '' as they pulled the bruised , bullet-riddled corpse through a dusty mogadishu neighborhood . the body was bound hand and foot with wire and wrapped in a sheet of plastic when insurgents pulled it out of a car and left it with the crowd in the northern mogadishu neighborhood of suqa holaha , witnesses reported .
49	bolingbrook , illinois -lrb- cnn -rrb- -- the disappearance of a suburban chicago police sergeant 's wife is now being treated as a potential homicide , and her husband is a suspect , authorities said friday . in another development , a judge signed an order to exhume the body of drew peterson 's third wife , who was found drowned in a bathtub in 2004 , said will county state attorney james glasgow . peterson , 53 , said he last spoke to 23-year-old stacy peterson -- his fourth wife -- the night of october 28 .
50	-lrb- cnn -rrb- -- china has suspended exports of the aqua dots toys contaminated with a chemical that can convert to a powerful `` date rape '' drug , the state-run xinhua news agency reported saturday . the toys have caused some children who swallowed the craft toys to vomit and lose consciousness . china suspended exports of the aqua dots toys that contain a chemical that converts into a `` date rape '' drug .
51	johannesburg , south africa -- south african fast bowler dale steyn took a career-best five for 34 as the proteas took a tight grip on the first test against new zealand in johannesburg . new zealand were bowled out for 118 in reply to south africa 's 226 and the home side piled on the agony by reaching 179 for two in their second innings . hashim amla and jacques kallis shared an unbeaten stand of 159 as south africa stretched their lead to 287 .
52	amman , jordan -lrb- cnn -rrb- -- in the sunbathed schoolyard of the shmisani institute for girls in amman , jordan , principal sanaa abu harb makes an announcement over the speaker system . this school year , she says , 145 students are iraqi -- roughly 20 percent of the students at this state-funded institution -- with another 40 iraqi children on a waiting list . watch iraqi girls describe a long way from home '' the reason behind the jump in the number of iraqis at the school is a new government policy : for the first time since the start of the iraq war , jordan is allowing all iraqi children -- regardless of refugee status -- to enroll in state-funded schools .
53	lazing in a hammock is one of the best ways to spend a summer evening . best way to cut jeans into shorts -- what better way to declare the start of summer ? `` take them off , fold the leg at the mark , and iron the fold , '' says caroline calvin , creative director of levi 's .
54	-lrb- livewire -rrb- -- voluble gary vaynerchuk , 31 , the host of `` wine library tv , '' an online video show , has been known to lick rocks , suck leather and eat dirt while on camera , all to illustrate the unique properties of wine . across the internet , budding wine geeks are discovering a burgeoning number of web sites , blogs , bulletin boards and other outlets that preach the gospel of the grape in terms they can understand . about 40,000 internet viewers -- many of them 20-somethings -- have a daily appointment with `` wine library tv .
55	-lrb- cnn -rrb- -- tens of thousands of congolese refugees fled camps tuesday in the democratic republic of congo as rebel troops attacked government forces in the area , the u. n. high commissioner for refugees said it did n't appear rebels had targeted the camps , but it reported some were looted after camp residents , classified as internally displaced persons , fled . roads to goma , about 10 miles from the camps , were crowded with refugees and local residents fleeing the fighting , the unhcr reported .
56	-lrb- instyle -rrb- -- after years in the bronze age , when sun-kissed cheeks and gloss reigned supreme , fall 's return to glamour means that lipstick is making a major comeback . we 'll show you how to apply lipstick perfectly , along with the most flattering shades for day and night . for foolproof application , stick with sheer , subdued shades in the morning and save deep , bold colors -lrb- which require more time and precision -rrb- for night .
57	amman , jordan -lrb- cnn -rrb- -- in the sunbathed schoolyard of the shmisani institute for girls in amman , jordan , principal sanaa abu harb makes an announcement over the speaker system . this school year , she says , 145 students are iraqi -- roughly 20 percent of the students at this state-funded institution -- with another 40 iraqi children on a waiting list . watch iraqi girls describe a long way from home '' the reason behind the jump in the number of iraqis at the school is a new government policy : for the first time since the start of the iraq war , jordan is allowing all iraqi children -- regardless of refugee status -- to enroll in state-funded schools .
58	patuakhali , bangladesh -lrb- cnn -rrb- -- survivors of a storm that killed more than 3,000 people in the impoverished nation of bangladesh grieved and buried their loved ones monday as they waited for aid to arrive . the number of dead killed from cyclone sidr -- now at 3,114 -- is expected to rise yet further as the south asian nation continues to assess the damage . the bangladesh red crescent fears the death toll could be 5,000 -- perhaps even reaching as high as 10,000 .
59	glasgow , scotland -- world champions italy clinched qualification for euro 2008 after goals in the first and last minutes gave them a pulsating 2-1 victory at hampden park -- killing off scotland 's hopes of reaching the finals . luca toni celebrates his early goal as italy won 2-1 in scotland to clinch qualification from group b. luca toni shot italy in front but scotland recovered to dominate and barry ferguson bundled home a 65th-minute leveller .
60	if the on-site `` wall of spam '' is any indication , a tour through the spam museum in austin , minnesota , is guaranteed fun for the whole canned-pork-loving family . '' so goes the backhanded optimism of the national museum of funeral history , a houston facility that opened in 1992 . if you 're bumming around but looking for a good time , be sure to take a load off in britt , iowa , at the hobo museum , which details the history and culture of tramps .
61	the ingénue : `` this is my favorite look of the three just because it 's sexy but not overtly so , '' heigl says . as katherine heigl crosses the parking lot of the sandwich shop at the roosevelt golf course at griffith park in los angeles , she walks stiffly , holding her arms away from her like a paper doll and apologizing profusely for running 10 minutes late . the star , whom pals call katie -lrb- and hollywood calls the next big thing -rrb- , popped out her retainer to talk about makeup , breakouts and what boys like .
62	-lrb- cnn -rrb- -- officials are searching for the driver of a white truck seen on santiago canyon road on sunday , near the time the santiago fire started , orange county authorities said friday . a $ 250,000 reward has been offered for information leading to the arrest of the person or persons responsible for the blaze . watch how residents feel about arsonist '' the santiago fire , now 27,000 acres and still burning , was deliberately set , officials said thursday .
63	washington -lrb- cnn -rrb- -- attacks are down 75 percent in recent months in a perilous stretch of neighborhoods in northeastern baghdad , prompting a u. '' concerned citizens have helped troops improve security in parts of baghdad , a military official says . people line the streets , cars congest them , trash collectors and other city workers have returned , local leaders are holding community meetings again and `` markets have come back like gangbusters , '' said army col.
64	paris , france -lrb- cnn -rrb- -- interpol on monday took the unprecendented step of making a global appeal for help to identify a man from digitally reconstructed photos taken from the internet that it said showed him sexually abusing underage boys . the man 's face was disguised by digital alteration , but the images were capable of being restored , according to a bulletin from interpol -- the international police agency based in lyon , france . noble said the pictures have been on the the internet for several years , but investigators have been unable to determine the man 's identity or nationality .
65	-lrb- cnn -rrb- -- six of the seven college students killed in a massive house fire sunday morning in ocean isle beach , north carolina , attended the university of south carolina , a university official said sunday . `` this is a very sad day for the university of south carolina family , '' dennis a. watch home video showing the house in flames '' `` it is difficult to ascertain exactly who was in the house and who was not , '' pruitt said , explaining that several area houses were filled with college students visiting for the weekend .
66	s. embassy in the capital , baku , prompting the facility to close its doors to the public monday , azerbaijan and u. as a precaution , britain also shut its embassy in baku to the public on monday `` following security concerns nearby , '' britain 's foreign office said . `` there were some specific and credible threat information concerning the embassy and plans by militants to in some way do harm to individuals in and around the u.
67	-lrb- mental floss -rrb- -- they say a lot of artistic expression is motivated by self-loathing . alfred hitchcock did n't leave people in suspense about how he felt about actors . he was once quoted as saying , `` actors are cattle '' -- a quip that stirred up a huge outcry -lrb- actors can be so touchy -rrb- .
68	in october 1851 paul julius reuter , a german-born immigrant , opened an office in the city of london which transmitted stock market quotations between london and paris via the new calais-dover cable . in 1883 reuters began to use a `` column printer '' to transmit messages electrically to london newspapers and in 1923 pioneered the use of radio to transmit news internationally . although reuters is best known as the world 's largest international multimedia news agency , more than 90 % of its revenue derives from its financial services business .
69	paris , france -- world number three novak djokovic crashed out of the paris masters after being trounced in his opening match by veteran frenchman fabrice santoro on wednesday . 5 andy roddick at the lyon grand prix last week , again rose to the occasion in front of his home fans as he stormed to a 6-3 6-2 second-round victory against the serb . `` i could n't give my 100 percent , not even 30 percent of my possibilities , '' djokobvic said .
70	-lrb- cnn -rrb- -- a girl who was shown on a videotape being sexually assaulted in las vegas has been found and is safe , officials in nye county , nevada , said friday . the girl , now 7 , was shown in a sex video made four years ago , detective david boruchowitz said at a news conference friday night . she was found friday with family in las vegas after thousands of tips poured in , thanks to an appeal by police to the news media to show the girl 's picture .
71	paris , france -- ac milan 's brazilian midfielder kaka has been named european player of the year , lifting france football 's ballon d'or award . his success comes two years after his fellow countryman , barcelona 's ronaldinho , claimed the award . the 25-year-old kaka was a major factor in ac milan 's triumphant champions league campaign .
72	-lrb- cnn -rrb- -- the owner of a north carolina beach house where seven college students died in a weekend fire said monday that his family 's `` lives were just changed forever '' by the tragedy . chip auman said his 18-year-old daughter survived the fire but was hospitalized and in stable condition because of complications from smoke inhalation . six university of south carolina students and a clemson university student died in the fire early sunday morning in ocean isle beach , north carolina .
73	-lrb- cnn -rrb- -- bupa is an international health and care company with bases on three continents and more than eight million customers . bupa began as the british united provident association in 1947 to preserve freedom of choice in health care . it believed that with a national health service being introduced a year later , there would still be a need for a complimentary service enabling people from all walks of life to afford the benefits of choice in where , when and by whom they were treated .
74	-lrb- cnn -rrb- -- the partnership started as a single shop on oxford street in london , opened in 1864 by john lewis . today the partnership is an organization with bases throughout the uk , with supermarkets and department stores , employing approximately 67,100 people . all 67,100 permanent staff are partners who own 26 john lewis department stores , 183 waitrose supermarkets , an online and catalogue business , john lewis direct a direct services company - greenbee , three production units and a farm .
75	: some opponents of immigration , even the legal kind , fear changes in local culture . immigration restrictionists -- and by that , i mean those who want to limit all immigration , even the legal kind -- like to pretend they 're so high-minded . if that 's the extent of it , then why does the conversation quickly turn to the impact -- both real and perceived -- that immigrants have on american culture through everything from taco trucks to spanish-language billboards .
76	-lrb- cnn -rrb- -- the company was founded in 1985 by seven communications industry veterans -- franklin antonio , adelia coffman , andrew cohen , klein gilhousen , irwin jacobs , andrew viterbi and harvey white . one of qualcomm 's first products was omnitracs , introduced in 1988 , which is currently the largest satellite-based commercial mobile system for the transportation industry . today , qualcomm 's patent portfolio includes approximately 6,100 united states patents and patent applications for cdma and related technologies .
77	london , england -lrb- cnn -rrb- -- the head of britain 's intelligence services has warned that children as young as 15 are becoming involved in terrorist-related activity . jonathan evans , the chief of mi5 , also said that at least 2,000 people in britain pose a threat to the country 's security because of their support for al qaeda-inspired terrorism . evans said the figure of 2,000 -- an increase of 400 since november 2006 -- only included those the intelligence services knew about and that the actual number could be double .
78	rome , italy -- mauro camoranesi scored with 13 minutes left to earn juventus a 1-1 home draw with serie a leaders inter milan on sunday . julio cruz is mobbed by team-mates after giving inter the lead in their 1-1 draw at juventus . earlier in the day , roma missed out on the chance to close the gap on inter when a late collapse saw them throw away a two-goal lead to draw 2-2 at empoli .
79	-lrb- cnn -rrb- -- this week mme speaks to the man charged with boosting growth in the kingdom of bahrain : sheikh mohammed bin isa al khalifa . sheikh mohammed is concerned the nuclear dispute with iran is deterring potential investors . as chief executive of the economic development board , one of sheikh mohammed 's main tasks is to ensure bahrain stays ahead of its competitors .
80	helsinki , finland -lrb- cnn -rrb- -- an 18-year-old authorities say shot eight people inside his high school in southern finland , before turning the gun on himself , has died , police said . at a news conference this afternoon , police confirmed the dead numbered two girls , five boys and the school 's headmistress at jokela high in tuusula , a quiet town around 50 kilometers -lrb- 30 miles -rrb- north of helsinki . it was the first school shooting in finland since 1989 , when a 14-year-old student shot and killed two others in the coastal town of rauma , the finnish news agency stt reported .
81	shanghai , china -- championship leader lewis hamilton spun out of the chinese grand prix to send the world title race to a cliffhanger finale in brazil on october 21 . rookie hamilton can still clinch the crown with third place in the closing race , but saw his 12-point lead cut to four by mclaren team-mate fernando alonso in shanghai . and when hamilton -- who won in japan last week to give himself the chance of clinching the title this weekend -- finally headed toward the pit lane , he spun out onto the gravel to end his chances with 25 laps to go .
82	madrid , spain -- lionel messi scored for the sixth game in a row as barcelona defeated big-spending atletico madrid 3-0 to stay in touch with primera liga leaders real madrid . barcelona had thumped atletico 6-0 on their own ground last season and the visitors were out for revenge -- but conceded twice in four minutes . it was barcelona 's fourth straight league win but they still trail real madrid by two points after the champions beat recreativo huleva 2-0 .
83	london , england -- france coach raymond domenech has again omitted striker david trezeguet from his squad for this month 's friendly against morocco and the euro 2008 qualifier against the ukraine . trezeguet has scored scored 10 goals in 11 serie a matches for juventus this season -- including two hat-tricks -- but has failed to win his way back into the 24-man party . `` i hope david will help juventus win the italian league title and that he will be at the euro 2008 with us , and that he will find his form again for france .
84	-lrb- cnn -rrb- -- polygamist sect leader warren jeffs tried to hang himself earlier this year while he was in jail awaiting trial , according to court documents unsealed by a utah judge on tuesday . jeffs , the leader and so-called prophet of the 10,000-member fundamentalist church of jesus christ of latter day saints , is now awaiting sentencing after being convicted on two counts of being an accomplice to rape . the documents , released by fifth district judge james shumate at the request of the media , also indicate that jeffs confessed to `` immorality '' with a `` sister '' and a daughter more than 30 years ago .
85	-lrb- cnn -rrb- -- one australian soldier , three civilians and taliban militants were killed early friday during heavy fighting in southern afghanistan , according to information from australian and nato officials . four australian troops have now died in the conflict in afghanistan . the incident occurred in tarin kowt in uruzgan province , where taliban militants killed an australian commando , the australian defence ministry said .
86	algiers , algeria -lrb- cnn -rrb- -- rescuers are sifting through the rubble of the united nations headquarters in algiers hoping to find survivors after a powerful bomb ripped off the building 's facade and leveled nearby u. the death toll is unclear : the official government count is at least 26 , but hospital sources in algiers told cnn affiliate bfm-tv that 76 people were killed in the two blasts . algerian interior minister noureddine yazid zerhouni blamed a militant islamic group with ties to al qaeda for the attacks , which also targeted a building housing algeria 's constitutional council and supreme court .
87	-lrb- cnn -rrb- -- as part of an effort to share the best practices of modern business among organizations across the globe , cnn is talking to some of the world 's top executives . in line with this , cnn will be hosting three events looking at modern strategies in today 's business arena . the first of these master classes will be based at the china europe international business school in shanghai and will be aired november 10 and 11 .
88	london , england -lrb- cnn -rrb- -- there are some circuits that are cornerstones of the formula 1 calendar : the monacos and silverstones whose every twist and turn are known intimately by the drivers and engineers . the japan grand prix is to return to the fuji speedway , a circuit that has n't seen an f1 race since 1977 -lrb- though now with a substantially different track layout -rrb- . however an announcement by formula one management -lrb- fom -rrb- this month revealed that suzuka will return to the calendar for 2009 -- on the condition that the circuit makes some approved modifications -- with the location of the japanese grand prix alternating yearly between fuji and suzuka after that .
89	new albany , indiana -lrb- cnn -rrb- -- president bush vetoed a $ 600 billion spending bill tuesday , accusing democratic leaders of wasting money and plotting tax increases , then took his budget fight with congress on the road . the bill -- which bush said was laden with $ 10 billion in `` pork '' -- would have funded the departments of labor , education , and health and human services . the bill bush vetoed tuesday includes about $ 150 billion to run those departments and more than $ 450 billion in mandatory spending on medicare and medicaid , the federal health care programs for the elderly and poor , according to the house appropriations committee .
90	nyon , switzerland -- celtic have been fined $ 50,800 by uefa and ac milan 's dida has been banned for two matches after the incident which saw a pitch-invading supporter approach the brazilian goalkeeper in last week 's champions league match at celtic park . a fan ran onto the field in the 90th minute , soon after the home side scored their winning goal , and made what appeared to be minimal contact with dida . dida 's theatrical over-reaction has cost him severely -- but celtic may choose not to complain about their own punishment , with half of their fine suspended for two years .
91	s. first lady laura bush -- in a rare foray into foreign policy -- called on myanmar 's military junta to `` step aside , '' give up the `` terror campaigns '' against its people and allow for a democratic myanmar in a commentary published in wednesday 's wall street journal . s. first lady laura bush said the junta `` should step aside to make way for a unified burma . `` the rest of the armed forces should not fear this transition -- there is room for a professional military in a democratic burma , '' bush said , in keeping with the u.
92	petersburg , florida -lrb- cnn -rrb- -- the acrimony from the republican campaign trail carried over quickly into the cnn/youtube gop presidential debate wednesday . the debate marked the first time the candidates had faced off on the same stage in over a month . with five weeks to go until the first contest of the 2008 nominating season , the republican candidates engaged in a free-for-all , trying to differentiate their views on immigration , the iraq war , abortion , gun control and even whether they believed every word in the bible was true .
93	denver , colorado -- a colorado man terrorized by threats after testifying against his daughter 's abusive boyfriend says he has spent $ 10,000 on a security system , hired a bodyguard for his son 's wedding and never leaves home without a . the man , who asked not to be identified because of the sensitivity of the case , says the state did nothing to protect him after the 1999 conviction of keith reynolds for domestic abuse -- even after prosecutors told him a hit had been put on his family . when asked if prosecutors had made the family aware of colorado 's witness protection program , the witness in the reynolds case said , `` all they told us was maybe we should move .
94	-lrb- cnn -rrb- -- muddy but unhurt , three university of texas students emerged from a cramped cave complex in austin , texas , after a day-long search sunday . matt cox , an austin fire department spokesman , said the students -- two women and one man -- were reported missing early sunday after a trip into airman 's cave , about four miles south of the university 's campus . they were found about halfway down the 12,000-foot-long cave , which has few spaces big enough for an adult to stand upright and is explored primarily by experienced spelunkers .
95	washington -lrb- cnn -rrb- -- the white house is blasting congressional democrats for not sending a bill that would fund veterans ' care programs to the president 's desk by veterans day . `` there 's absolutely no reason that the veterans ' bill could not have been signed by the president today , except for the political games that the democrats decided to play with it , '' white house press secretary dana perino said sunday in crawford , texas . the house passed a health-labor-education bill 269-142 last week with the veterans funding attached , but the senate later voted to strip out the veterans funding and send the health-labor-education bill to the president .
96	washington -lrb- cnn -rrb- -- republicans reacted with surprise and recrimination sunday to blistering criticism of the iraq war from former coalition commander retired lt. on friday , sanchez , who was coalition commander in 2003 and 2004 , called the iraq war `` a nightmare with no end in sight . speaking with military reporters in virginia , sanchez also said such dereliction of duty by a military officer would mean immediate dismissal or court martial , but the politicians have not been held accountable .
97	paris , france -- france lock sebastien chabal has been cited for a dangerous tackle on england 's simon shaw during saturday 's world cup semifinal in paris . chabal started the match on the substitutes ' bench , but was brought on in the 26th minute to replace the injured fabien pelous during hosts france 's 14-9 defeat . meanwhile , france coach bernard laporte said that the defeat was tougher to take than england 's 24-7 win in the 2003 semifinals .
98	baghdad , iraq -lrb- cnn -rrb- -- none of the 1,000-plus iraqi detainees freed in recent weeks have broken a pledge not to return to the insurgency , according to the marine general who oversees the u. doug stone on wednesday reassured iraqis about how the 25,000 detainees -- mostly sunnis -- are treated after being taken into custody on suspicion of involvement in the insurgency . s. detention centers -- at camp bucca near the southern port city of basra and in camp cropper near baghdad -- are political sore points for sunnis , who make up 83 percent of the detainees held .
99	london , england -lrb- cnn -rrb- -- previously unseen footage of diana , princess of wales , taken just hours before she was killed in a car crash , has been shown to the jury at the inquest into her death . images taken from a security camera at the ritz hotel in paris show the 36-year-old smiling as she and her lover dodi fayed step into an elevator and later walk out of the hotel . watch footage of diana 's last hours '' baker told the 11 members of the jury -- six women and five men -- diana may have been on the contraceptive pill and that evidence she was poised to get engaged to dodi on the night she died was contradictory .
100	jacksonville , florida -lrb- cnn -rrb- -- four people were killed and several injured after an explosion wednesday at a chemical plant sent a thick plume of smoke over a section of jacksonville , authorities said . fourteen people were hospitalized after the blast at the t2 lab on faye road , in an industrial area on the waterfront in north jacksonville , francis said . see an i-report account about the blast '' six of those injured were transported to shands hospital in jacksonville , hospital spokeswoman kelly brockmeier said .
101	-lrb- cnn -rrb- -- the tennessee supreme court on wednesday refused to modify or overturn a lower court 's ruling allowing mary winkler , convicted of killing her minister husband , visitation rights with the couple 's three daughters . charles and diane winkler , parents of slain minister matthew winkler , had asked the court to intervene and either revoke mary winkler 's visitation rights or allow them to proceed only under supervision of a counselor . the children -- patricia , mary alice and brianna -- have been living with their grandparents since their mother was arrested last year .
102	lahore , pakistan -lrb- cnn -rrb- -- two pakistani television networks that transmit from dubai in united arab emirates were ordered off the air friday at the request of pakistani president pervez musharraf , officials from the networks said . both networks had been banned from pakistan 's cable television system -- along with other networks , including cnn and bbc -- since musharraf declared a state of emergency on november 3 . `` we uplink from dubai , never having had a license to uplink from pakistan , '' he said .
103	dallas , texas -lrb- cnn -rrb- -- if you turn to the bible -- isaiah chapter 35 , verse 8 -- you will see a passage that in part says , `` a highway shall be there , and a road , and it shall be called the highway of holiness . it was with that interesting belief in mind that we decided to head to texas , the southernmost state in the i-35 corridor , to do a story about a prayer campaign called `` light the highway . some of the faithful believe that in order to fulfill the prophecy of i-35 being the `` holy '' highway , it needs some intensive prayer first .
104	washington -lrb- cnn -rrb- -- a day after new jersey banned executions , newly released figures show that capital punishment dropped this year to a 13-year low . forty-two people have been put to death this year , according to the death penalty information center -lrb- dpic -rrb- , a washington-based group that opposes the practice . the supreme court is to hold oral arguments january 7 about whether lethal injection protocols in 36 of the 37 states with the death penalty are constitutional .
105	caracas , venezuela -lrb- cnn -rrb- -- the price of sin rose monday in venezuela where president hugo chavez is on a campaign to make venezuelans cut back on drinking and smoking . `` really , it 's difficult to buy at these prices , '' she said , then joked , `` they say they 're going to stop eating so that they can continue drinking . '' the venezuelan government is placing a higher tax on alcohol and cigarettes in an effort to cut consumption and prevent what it views as the social , economic and moral consequences of drinking and smoking , said jose vielma mora , superintendent of seniat , the government body that oversees the collection of taxes .
106	famous for its purchase of london 's chelsea barracks , qatari diar was established in 2004 by the qatar investment authority , to support qatar 's growing economy and to co-ordinate the country 's real estate development priorities . al ansari is a graduate from the university of miami and was responsible for high profile projects such as new doha international airport and the promotion of private sector investment through public sector privatization . with oil prices hitting $ 88 this week , john defterios begins by asking nasser al ansari about the differences he sees now compared to the 1970s when oil prices were also high .
107	1 health crisis in the united states , and the nation could be at risk without immediate action , former president clinton said at cnn 's first fit nation summit . `` we need to do something about it for our children , and for our country , because something like this could easily collapse our nation if we do n't act now , '' clinton said . watch gupta explain the solutions proposed at the fit nation summit '' clinton , who 's been tackling the obesity issue over the past few years with his alliance for a healthier generation , stressed the need to help educate people about the importance of a healthy diet and exercising together .
108	durban , south africa -- india 's yuvraj singh smashed six sixes in one over as england crashed out of cricket 's world twenty20 tournament in south africa on wednesday . england then lost by 18 runs to the singh-inspired indians , who kept their semifinal hopes alive ahead of thursday 's must-win clash with the hosts . singh 's innings ended on 58 -- from 16 balls -- when he hit a full-toss from andrew flintoff to captain collingwood at long-on from the penultimate delivery of the final over , in which he also cleared the boundary ropes once .
109	his wife faces deportation to guatemala -- her home country that she has n't seen since 1989 . `` i like being in uniform and serving my country , but if she goes back i 'm going to have to give it all up and just get out and take care of my son and get a job , '' he said . '' gonzalez , who works on helicopters that bring cargo , supplies and military personnel in and out of iraq , testified before a house judiciary committee panel last month , detailing his situation and urging officials to consider some sort of policy to deal with cases like his , where military members ' families could be deported while they 're defending their country overseas .
110	moscow , russia -- zenit saint petersburg have clinched their first russian title in the post-soviet union era with a hard-fought 1-0 victory at ramenskoye on sunday . the win means zenit finish top of the table with 61 points , two points ahead of second-placed spartak moscow , who beat city rivals dynamo 2-1 . zenit went ahead in the 15th minute when radek sirl 's shot from the edge of the box deflected off a ramenskoye defender and beat goalkeeper antonin kinski .
111	atlanta , georgia -lrb- cnn -rrb- -- it is an irony of contemporary art-museum management : sometimes the museum that creates an exhibition does n't get to premiere it . '' this is the case this week , as atlanta 's high museum of art couples its public opening of a second year of louvre-fueled shows from paris , france , with an exhibition about influences on the impressionists . with the backing of northern trust , the show will then travel to denver february 23 to may 25 , 2008 , and then on to the seattle art museum from june 19 to september 21 , 2008 .
112	-lrb- cnn -rrb- -- the man arrested for the videotaped rape of a toddler in las vegas , nevada , will make his initial appearance in court friday , a clark county , nevada , court official told cnn tuesday . stiles , 37 , was taken into custody monday night after a henderson , nevada , police officer pulled over the white buick century he was driving . thomas said she screamed when she recognized the photos on television and had no choice but to contact police about the man she had thought was a `` weapons enthusiast '' with only a minor criminal record .
113	glasgow , scotland -- scottish premier league leaders celtic suffered another setback in their bid for a third successive title after being held 1-1 by managerless hibernian on saturday . brown did well to keep out merouane zemmama 's audacious shot from just inside the celtic half soon after , and also tipped over brian kerr 's looping header three minutes after half-time . substitute jiri jarosik rescued celtic from a first home spl defeat this season in the 78th minute after being teed up by jan vennegoor of hesselink , who then headed against the post with two minutes to play .
114	washington -lrb- cnn -rrb- -- democratic presidential candidates on wednesday criticized president bush 's plan to withdraw roughly 30,000 troops from iraq by next summer , with sen. in an open letter to bush , clinton said the troop withdrawal `` is simply too little , too late , and unacceptable to this congress , and to the american people who have made clear their strong desire to bring our troops home , and end this war . david petraeus that the troop levels in iraq be lowered to 130,000 by july , down from the `` surge '' level of 160,000 .
115	buenos aires , argentina -- juan roman riquelme scored twice as argentina beat bolivia 3-0 to notch a third successive victory in the south american qualifiers for the 2010 world cup on saturday . the midfielder followed up his brace of spectacular free-kicks in the opening 2-0 victory against chile to help put his country five points clear of second-placed brazil , who play peru in lima on sunday . the 19-year-old scored his first goal at international level five minutes before the interval after starting in a three-man attack with carlos tevez and lionel messi .
116	washington -lrb- cnn -rrb- -- some democrats appear to be wavering on a highly contentious house resolution labeling turkey 's treatment of armenians in world war i as genocide . a kc-135 tanker lands at incirlik air base in southern turkey in 2003 . s. ally and nato partner , was incensed by the resolution calling the killing of armenians by ottoman turks genocide and threatened to block access to incirlik air base after the resolution passed a house committee vote .
117	united nations -lrb- cnn -rrb- -- the united nations is calling on nato to do more to stop the afghan opium trade after a new survey showed how the drug dominates afghanistan 's economy . n. 's office on drugs and crime shows the export value of this year 's poppy harvest stood at around $ 4 billion , a 29 per cent increase over 2006 . despite afghan security forces ' efforts to curb the trade , 660 tons of heroin and morphine were trafficked out of the country in 2007 , the report said .
118	mexico city , mexico -lrb- cnn -rrb- -- heavy rains and flooding have forced hundreds of thousands of people from homes in southern mexico 's state of tabasco over the past four days , with nearly as many trapped by the rising waters , state officials said thursday . officials say about 300,000 people are still trapped by the worst flooding in the region for 50 years . the grijalva river pushed over its banks through the state capital of villahermosa on thursday , forcing government workers to evacuate and leaving up to 80 percent of the city flooded , gov.
119	1 roger federer with a 1-6 6-3 6-3 victory in the final of the madrid masters on sunday . the argentine , ranked 25th in the world , repeated his 2005 upset win over the swiss star in that year 's season-ending masters cup -- also an indoor event . nalbandian became only the third player -- and the second this year after novak djokovic in montreal in august -- to beat the world 's top-three players en route to winning a title .
120	johannesburg , south africa -lrb- cnn -rrb- -- reggae legend lucky dube , one of south africa 's most famous musicians , was killed in an attempted car-jacking as he dropped his children off at a relative 's house , his record label said friday . m. local time thursday after someone tried to steal his car , gallo record company said in a statement . dube was much loved by his fellow south africans , and his death cast a shadow over festivities ahead of south africa 's highly-anticipated appearance in the rugby world cup final with england this weekend .
121	london , england -- milan goalkeeper dida has been cleared to play in next month 's champions league match at shakhtar donetsk after partially winning his appeal to uefa against a two-match ban . brazilian dida was also fined 60,000 swiss francs by european football 's ruling body following an incident involving a supporter during the champions clash against celtic in scotland on october 3 . the 34-year-old brazilian was initially banned for two games for his theatrics following a celtic fan 's encroachment onto the pitch during the 2-1 defeat at celtic park .
122	kiev , ukraine -- serbian central defender nemanja vidic has convinced manchester united manager sir alex ferguson that he should play in tuesday 's champions league clash away to dynamo kiev . the former spartak moscow player sat out saturday 's 4-1 victory at aston villa after suffering concussion during the premier league win over wigan immediately before the international break . england striker wayne rooney , who scored twice against villa and was also on target in england 's euro 2008 defeat against russia in moscow last week , will partner carlos tevez in attack .
123	com -rrb- -- why shoes are called `` pumps '' and other strange-but-true stories behind the clothes and accessories you know and love . long before they ever made an appearance on the tv show `` sex and the city , '' pointed shoes were favored by polish nobles , who introduced the fashion to england on a diplomatic visit in the 1300s . the shoes , dubbed `` crackowes '' or `` poulaines '' -- after kraków , poland -- were so long that a chain running from the toe to the knee was often required to keep them from dragging .
124	-lrb- cnn -rrb- -- federal emergency management agency officials know the agency 's performance in the california wildfires will be watched closely for comparisons to its failures in hurricane katrina . '' president bush signed a federal disaster declaration wednesday , freeing up federal funds for families affected by the wildfires in seven counties in southern california . the action follows an emergency declaration by bush on tuesday morning for the counties of los angeles , orange , riverside , san bernardino , san diego , santa barbara , and ventura .
125	-lrb- cnn -rrb- -- brendon pelser said he saw pure terror in the faces of his fellow passengers after an engine fell from a wing as it took off from cape town , south africa , wednesday . '' but the pilot of nationwide airlines ' boeing 737 flight ce723 was able to fly long enough to dump fuel and make an emergency landing at cape town international airport . a person on the right side said the engine was missing -- had broken clean off , '' said pelser .
126	-lrb- cnn -rrb- -- the late chris benoit idolized the dynamite kid , who was half of a professional wrestling team famous in the 1980s for spectacular high-flying , acrobatic moves . chris benoit strangled his wife and suffocated his son before hanging himself in june . investigators found testosterone , painkillers and anti-anxiety drugs in chris benoit 's body , georgia 's chief medical examiner said a month later .
127	if you 're less lucky , you spent those years on a reality show , so for the rest of time , millions of strangers can look back on them and laugh instead . you could be responsible for the fall of western civilization , just like justa grata honoria , the roman princess whose wild ways and -lrb- literally -rrb- naked ambition set off a chain reaction that culminated in the destruction of the roman empire . as a young girl , she watched as her dimwitted six-year-old brother , valentinian iii , was crowned emperor of the western roman empire , while she was set aside to await a suitable marriage .
128	a lebanese woman and her son run through west beirut in 1989 during fighting between rival forces . in 1988 , i watched the last throes of lebanon 's civil war firsthand -- and like millions of lebanese , sad , frustrated and often fearful . see bios of lebanon 's major players '' in 1988 , the president 's term was coming to an end and the warring factions were unable to agree on a new candidate .
129	barcelona , england -- ronaldinho has been recalled to the barcelona squad for tuesday 's champions league match against rangers in glasgow . ronaldinho was dropped from the barcelona squad on saturday for returning late from international duty . the brazilian was omitted from the squad that lost 3-1 to villarreal on saturday after returning late from international duty , but he has been named in an 18-man party for the trip to scotland .
130	london , england -lrb- cnn -rrb- -- football dignitaries gathered in sheffield , northern england , on wednesday to kick off the 150th birthday celebrations of sheffield fc -- the sport 's oldest club . guests of honor at a service at sheffield cathedral included sepp blatter , president of football world governing body fifa , and massimo moratti , president of italian giants inter milan who are scheduled to play a friendly against sheffield fc next month . blatter was unveiling a bust of the club 's co-founder william prest -- one of two cricket fans who founded sheffield fc , then known simply as sheffield club , on october 24 , 1857 after deciding they needed a new sport to keep them active during the winter .
131	hutchins , a 16-year-old graced with poise and thoughtfulness , is one of many teenagers who say that some part of popular culture , with its ubiquitous references to sex , drugs and violence , has harmed him . last year , hutchins and his christian youth group attended an acquire the fire rally in atlanta , georgia , he said . acquire the fire -- regional rallies held across the country -- and battlecry -- the larger rallies held this year in only three cities -- are the products of the evangelical christian organization teen mania .
132	san diego , california -lrb- cnn -rrb- -- conditions that created what california gov. arnold schwarzenegger dubbed `` the perfect storm for fire '' eased wednesday , helping firefighters gain ground against devastating southern california wildfires . meanwhile , the dry santa ana winds that have fanned the flames , changed direction and began blowing inland from the pacific ocean , increasing the humidity and easing the burden on almost 8,900 firefighters in the area .
133	orange county , california -lrb- cnn -rrb- -- one of the larger fires in southern california was deliberately started by someone with apparent knowledge of arson , a fire official said thursday . the santiago fire in orange county was started in two places along a little-traveled road , according to chief chip prather of the county 's fire authority . the fire , which has burned more than 25,000 acres , was started in brush just off santiago canyon road , not close to homes .
134	san diego , california -lrb- cnn -rrb- -- firefighters in southern california are facing wind-whipped walls of flame from 15 wildfires that have scorched more than 400,000 acres and forced hundreds of thousands of people to flee their homes . san diego fire department battalion chief bruce cartelli described scenes of `` utter devastation '' with hundreds of homes lost and `` many hundreds '' of others damaged . '' officials have evacuated nearly 350,000 homes in san diego county alone , where the worst of the fires are blazing .
135	san diego , california -lrb- cnn -rrb- -- favorable weather and firefighter reinforcements helped ease the fire danger in parts of southern california thursday , but the human toll from the disaster was still coming to light . the number of deaths attributed directly to the fires grew to seven thursday , after the charred bodies of four people believed to be illegal immigrants were found in a canyon east of san diego . see where the fires are still burning '' along with homes and businesses , the flames have destroyed roughly one-third of san diego county 's lucrative avocado crop , along with other croplands , greenhouses and nurseries .
136	khartoum , sudan -lrb- cnn -rrb- -- a sudanese court found a british teacher guilty of insulting religion and sentenced her to 15 days in prison thursday for allowing a teddy bear to be named `` mohammed , '' british authorities and her lawyer reported . gibbons , 54 , was arrested sunday after she asked her class of 7-year-olds in khartoum to name the stuffed animal as part of a school project , the british foreign office said . she had faced charges under article 125 of sudan 's constitution , the law relating to insulting religion and inciting hatred .
137	-lrb- cnn -rrb- -- if you thought it was difficult managing your own money in 2007 , consider the pressure of the task when you 're dealing with $ 1. she joined citigroup in 2002 , and spent some time as chief financial officer before taking up her current role in march 2007 . sallie krawcheck has been a regular entrant on fortune 's list of the world 's most powerful women in business -- in 2007 , she made number 12 .
138	ann curley uses a pump attached to a catheter in her body to monitor glucose levels and administer insulin . -lrb- cnn -rrb- -- when i was 7 years old , my mom took me to the doctor because i had lost a lot of weight , despite a voracious appetite . i was checked into a hospital to learn how to test my urine for sugar , give myself injections of insulin , follow a diabetic diet and control my diabetes .
139	-lrb- cnn -rrb- -- venezuelan president hugo chavez said wednesday he is cutting all ties with colombia as long as alvaro uribe remains its president . `` i say before the world , while president uribe is president of colombia , i will not have any type of relation with him or with the government of colombia , '' chavez said in an address broadcast on national television . '' chavez noted that uribe had asked him to help secure the release of hundreds of hostages being held by the leftist rebel group armed revolutionary front of colombia -lrb- farc -rrb- and the national liberation army -lrb- eln -rrb- .
140	cardiff , wales -- former wales and british lions center ray gravell has died of a suspected heart attack aged 56 , the welsh rugby union -lrb- wru -rrb- has announced . '' gravell made his debut for wales against france in 1975 , three years after helping his club side llanelli to their famous win over the touring all blacks . in all he made 23 appearances for what was then a dominant wales side , winning grand slams in 1976 and 1978 , and played all four tests on the lions ' tour of south africa in 1980 .
141	madrid , spain -- atletico madrid recovered from their painful recent defeat by barcelona to crush european rivals real zaragoza 4-0 in the primera liga on sunday . luis garcia celebrates his first atletico madrid goal in their superb 4-0 victory over real zaragoza . luis garcia 's first goal for the club , a double from argentine maxi rodriguez and a diego forlan strike clinched a comfortable win as atletico moved up to sixth in the table .
142	barack obama kicked off a series of local outreach gospel concerts friday in charleston , south carolina , that unexpectedly came back to bite his campaign . when the campaign announced the lineups for the three-city `` embrace the change ! '' gospel tour last week , one name stood out to gay bloggers : donnie mcclurkin . john aravosis , a prominent gay blogger and co-founder of the web site americablog , led the charge against the obama campaign , writing that the illinois democrat was `` sucking up to anti-gay bigots '' and `` giving them a stage .
143	-lrb- cnn -rrb- -- the owner of a north carolina beach house where seven college students died in a weekend fire said monday that his family 's `` lives were just changed forever '' by the tragedy . chip auman said his 18-year-old daughter survived the fire but was hospitalized and in stable condition because of complications from smoke inhalation . six university of south carolina students and a clemson university student died in the fire early sunday morning in ocean isle beach , north carolina .
144	washington -lrb- cnn -rrb- -- state department officials should serve where they are needed -- even in war-torn iraq , u. s. secretary of state condoleezza rice says that `` people need to serve where they are needed . '' rice was responding to foreign service officers ' objections to the possibility of `` directed assignments '' in iraq .
145	-lrb- cnn -rrb- -- the commander of the nuclear-powered submarine uss hampton has been relieved of his command amid an inquiry into misconduct by crew members , the u. portland lost his post `` due to a loss of confidence in his ability to command , '' the navy said in a statement . the crew neither maintained inspection records nor conducted the required inspection of chemical levels associated with the cooling system of the ship 's nuclear reactor , navy officials said .
146	-lrb- cnn -rrb- -- a bus hopped a highway median and crashed into a pickup truck before being broadsided by an 18-wheeler , arkansas police said , killing the pickup driver and two bus riders . forty people were hurt in sunday night 's crash , which shut down a 13-mile stretch of interstate-40 east of forrest city , arkansas , said state police spokesman bill sadler . bus driver felix tapia , 28 , of brownsville , texas , and tractor-trailer driver david rice , 45 , of mars hill , north carolina , suffered minor injuries , according to the associated press .
147	-lrb- cnn -rrb- -- it was two years late and billions of dollars over budget , but this week the singapore airline-owned a380 completed its maiden passenger journey between singapore and sydney . singapore airlines ' ceo , chew choon seng named the jetliner the `` queen of the skies '' . but the feature that has attracted greatest interest on the singapore airlines a380 is its '' beyond first class '' cabins .
148	-lrb- cnn -rrb- -- the company owns the venetian resort hotel casino and the sands expo and convention center in las vegas , nevada and the sands macau in the people 's republic of china 's special administrative region of macau , as well as venetian macau limited , a developer of additional multiple casino hotel resort properties in macau . the first phase of the venetian casino resort opened in may 1999 , which originally consisted of 3,036 suites though the number of suites was reduced over time to 3,014 based on renovations and remodeling . since it 's opening , the property has received recognition as revolutionizing the las vegas hotel industry , and has been honored with architectural and other awards naming it as one the finest hotels in the world .
149	for most of her adult life , the 31-year-old graduate student from sunny isles beach , florida , has struggled with her weight . she started gaining as a teenager and by the time she graduated from high school , she was carrying 215 pounds on her 5 ' 2 '' frame . but because she had n't done it in a healthy way , her weight crept back up to 220 pounds .
150	-lrb- cnn -rrb- -- tens of thousands of congolese refugees fled camps tuesday in the democratic republic of congo as rebel troops attacked government forces in the area , the u. n. high commissioner for refugees said it did n't appear rebels had targeted the camps , but it reported some were looted after camp residents , classified as internally displaced persons , fled . roads to goma , about 10 miles from the camps , were crowded with refugees and local residents fleeing the fighting , the unhcr reported .
151	s. military technology to iran and china poses a growing threat , the justice department said thursday as it announced plans to combat the practice . the department said the united states will tighten monitoring of export licenses and increase export restrictions on technologies that could have both civilian and military applications and could pose a danger to u. `` recent prosecutions have highlighted illegal exports of stealth missile technology , military aircraft components , naval warship data , night vision equipment , and other restricted technology destined for china or iran .
152	washington -lrb- cnn -rrb- -- the confirmation of michael mukasey as attorney general was all but assured friday when two key democratic senators said they will vote in favor of the nominee despite questions about his views on `` waterboarding '' and the president 's power to order electronic surveillance . dianne feinstein of california and charles schumer of new york announced they would support the retired federal judge from new york just hours after the chairman of the judiciary committee announced his opposition to the nominee . if all the republican members of the committee also vote for mukasey , which is expected , his nomination will go before the full senate .
153	atlanta , georgia -lrb- cnn -rrb- -- genarlow wilson , freed last week from a georgia prison , said he 's glad he rejected a plea deal from prosecutors , even if it would have sprung him from prison months earlier . the 21-year-old , who served two years of a 10-year sentence for aggravated child molestation , said the prospect of being labeled a sex offender drove him to turn down the deal . `` it might 've been lesser time , but then again , i would have nowhere to go because i would have no home , '' wilson said during a cnn interview scheduled to air monday at 8 p.
154	-lrb- cnn -rrb- -- behind the state banquet and smiles from queen elizabeth and british prime minister gordon brown , king abdullah of saudi arabia 's visit to london this week caused a wave of dissent . and just days before he arrived , the saudi king accused british officials of ignoring information that could have averted the terror attacks in london on july 2005 . uk trade & investment has designated saudi arabia one of its 17 `` high growth markets '' along with uae and qatar in the region .
155	-lrb- cnn -rrb- -- nine people were killed and 19 injured after a tour bus carrying people on a ski trip left a highway and rolled over sunday night in southeastern utah , a highway patrol spokesman said . at least 50 people were on the arrow stage lines bus when it crashed on state highway 163 , about five miles north of mexican hat , at 7:30 p. see where the crash occurred '' police said the bus lost control on a curve , ran off the road and rolled over several times , tumbling 41 feet down an embankment , according to the associated press .
156	london , england -lrb- cnn -rrb- -- banksy is britain 's most wanted artist -- his art sells for hundreds of thousands of dollars , but he continues to use public spaces as his main canvas , while all the time keeping his identity a secret . last week ten of his original pieces were sold at bonham 's auction house in london for over $ 1 million , while on the other side of the city tower hamlets council authority pledged to remove his graffiti from its streets . from his beginnings as a graffiti artist in bristol , england , banksy has become the darling of the art world for his subversive and satirical public art .
157	rome , italy -lrb- cnn -rrb- -- the garbage crisis in naples encompasses the worst italian clichés , and in particular those of the southern part of this lovely peninsula : mismanagement , political interference , mafia profiteering and the ability of those responsible to deflect the attention and the blame elsewhere . there is a popular saying here that roughly goes like this : everybody is competent enough -lrb- to find a solution -rrb- but nobody is responsible -lrb- for actually carrying it out -rrb- . one italian newspaper suggested that a good 20 % of the money went to pay for the salaries of those in charge of coming up with a solution to the problem .
158	-lrb- cnn -rrb- -- debra lafave , the former florida middle school teacher convicted of having sex with a student , violated her probation by hugging a young co-worker , a florida judge found thursday . watch lafave in the courtroom '' at the time , she and the 17-year-old hostess worked at danny boy 's , a small restaurant in the tampa , florida , area . lafave , 27 , pleaded guilty in november 2005 to having sex with a 14-year-old boy and was sentenced to three years under house arrest and seven years of probation .
159	-lrb- mental floss -rrb- -- 1 . there are competing claims for the coveted `` inventor of the hamburger '' title , but according to louis ' lunch -lrb- and the library of congress , for that matter -rrb- , this small new haven restaurant takes the prize . the story goes something like this : one day in 1900 , a rushed businessman asked owner louis lassen for something quick that he could eat on the run .
160	-lrb- cnn -rrb- -- president bush blasted the democratic-controlled congress on tuesday for having `` the worst record in 20 years . jim manley , senior aide to senate majority leader harry reid , said , `` taking advice from president bush about fiscal responsibility and getting things done for the american people is like taking hunting lessons from dick cheney . rahm emanuel , d-illinois , issued a statement saying , `` president bush 's rally this morning reminds us that congressional republicans remain ready and willing to rubber-stamp the bush agenda : no to children 's health care ; no to a new direction in iraq ; and no to investing in america 's future .
161	-lrb- cnn -rrb- -- a man named as a suspect in the fatal shooting of a philadelphia , pennsylvania , police officer last week was captured at a shelter in miami , florida , on tuesday , philadelphia police commissioner sylvester johnson said at a news conference . miami police chief john timoney said he had been alerted by philadelphia police that the suspect , john lewis , had taken a miami-bound bus from philadelphia . acting on information from miami rescue mission , officers went to a homeless shelter where they found lewis , `` who was pretty easy to spot as he 's 6 feet , 270 pounds , '' timoney said .
162	-lrb- cnn -rrb- -- the crew members of a north korean freighter regained control of their ship from pirates who hijacked the vessel off somalia , but not without a deadly fight , the u. when the battle aboard the dai hong dan was over , two pirates were dead and five were captured , the navy said . the bandits had seized the ship 's bridge , while the crew kept control of the steering gear and engines , the navy said .
163	chebarkul , russia -lrb- reuters -rrb- -- president vladimir putin said on friday security threats had forced russia to revive the soviet-era practice of sending bomber aircraft on regular patrols beyond its borders . putin said 14 strategic bombers had taken off simultaneously from airfields across russia in the early hours of friday on long-range missions . `` we have decided to restore flights by russian strategic aviation on a permanent basis , '' putin told reporters after inspecting joint military exercises with china and four central asian states in russia 's ural mountains .
164	s. embassy in the capital , baku , prompting the facility to close its doors to the public monday , azerbaijan and u. as a precaution , britain also shut its embassy in baku to the public on monday `` following security concerns nearby , '' britain 's foreign office said . `` there were some specific and credible threat information concerning the embassy and plans by militants to in some way do harm to individuals in and around the u.
165	it does n't really matter all that much what hot , nubile french maverick has set the fashion world on fire . because , in the end , he 's ralph lauren , and we 're not . for four decades no other designer has had a greater impact , not only on the way american men and women dress but also on the way they imagine , seek and indulge in the good life , than the former tie salesman from the bronx .
166	los angeles , california -- one of the bigger difficulties any first-time buyer faces is purchasing a car that does n't scream `` first-time '' to friends , relatives and co-workers , or indeed to the buyer each time they step into an ill-chosen purchase . to break from the boring econobox , here are some of the more sculpted and stylish cars available for about $ 20,000 that will hold their looks for a long time and give a little bit of joy to a first-time owner . like an instantly recognizable dorsal fin , the tiburon in its third incarnation is perhaps the purest low-slung sportster that wo n't bust a first-time buyer 's wallet , though it may chew a hole in the seat of their pants as they 're pushed back into those tight-hugging bucket seats .
167	tehran , iran -lrb- cnn -rrb- -- iran should be allowed to pursue its nuclear program for peaceful purposes , russian president vladimir putin said on tuesday during the first visit to the country by a kremlin leader since 1943 . putin , right , is greeted by iranian president mahmoud ahmadinejad following his arrival in tehran . putin , who is in tehran to attend a summit of caspian sea nations , said that he and the other leaders agreed that `` peaceful nuclear activities must be allowed '' in the region .
168	-lrb- cnn -rrb- -- erik prince , the chairman and ceo of blackwater usa , appeared tuesday before the house committee on oversight and government reform . the committee convened amid an fbi investigation into a september 16 shootout involving blackwater personnel that resulted in the deaths of iraqi civilians . under the direction and oversight of the united states government , blackwater provides an opportunity for military and law enforcement veterans with a record of honorable service to continue their support to the united states .
169	washington -lrb- cnn -rrb- -- sniper lee boyd malvo said in a letter to cnn that he is still `` grappling with shame , guilt , remorse and my own healing if that will ever be possible . malvo , 22 , spends 23 hours a day inside his cell at virginia 's toughest prison , a maximum-security compound called red onion , not far from the kentucky border . according to social worker carmeta albarus-lindo , malvo is a changed person since he and john allen muhammad terrorized the washington area five years ago this month in attacks that left 10 dead over a 23-day period .
170	as the countdown begins to november 4 , 2008 , the new york democrat continues to dominate the race for the democratic presidential nomination , and comes out ahead when voters are asked whether they prefer her or the gop front-runner , former new york mayor rudy giuliani . the republican presidential candidates have also stepped up their attacks on the democratic front-runner , with each suggesting that he has the best chance of stopping clinton . clinton is the top choice of 44 percent of the likely democratic voters interviewed for the poll .
171	rome , italy -- italy national coach roberto donadoni has left cristiano lucarelli in his squad for next saturday 's crucial euro 2008 qualifier in scotland . the shakhtar donetsk striker is in fine form and has been rewarded for his inspiring performance in last month 's friendly against south africa , when he scored twice in the world champions ' victory . while donadoni has again left out veteran forwards filippo inzaghi and alessandro del piero , he has handed juventus striker and italy under-21 international raffaele palladino his first call-up to the senior squad .
172	paris , france -lrb- cnn -rrb- -- three french journalists charged in an alleged plot to kidnap african children for adoption in europe arrived in paris on sunday , hours after french president nicolas sarkozy held emergency talks in chad . the journalists were among seven europeans a chadian judge released sunday , including a spanish flight crew , whom sarkozy dropped off in a brief stop in madrid on his way back from chad . all were arrested last week after workers from zoe 's ark -- a french-based charity group -- were accused of trying to fly 103 children out of chad in a kidnapping and adoption operation .
173	london , england -- uefa has punished benfica midfielder augustin binya with a six-match european ban following his horror tackle on celtic 's scott brown last week . the cameroon international was sent off for the challenge in his side 's 1-0 defeat in the champions league match in glasgow last wednesday . scotland international brown avoided injury , but claimed binya had tried to break his leg with the tackle in the 85th minute -- and demanded that europe 's governing body take further action .
174	eighth district judge jackie glass hours earlier doubled simpson 's bail to ensure his appearance at an april 7 trial . glass was adamant that simpson remain in the clark county detention center until 15 percent of the $ 250,000 is paid in full -- $ 37,500 -- after it was revealed in court that simpson never paid any part of his previous $ 125,000 bail . the bail bondsman himself paid the 15 percent premium and the $ 40 filing fee to allow simpson to leave the detention center , although he said he had a power of attorney for simpson 's florida home but never filed a lien on it .
175	washington -lrb- cnn -rrb- -- the air force is returning f-15e strike eagle jets to service over iraq and afghanistan after grounding other f-15s , the air force said wednesday . each f-15e must pass an inspection of critical parts on the airframe before returning to flying missions , air force officials said . s. air force 224 e-model aircraft will undergo a one-time inspection of hydraulic system lines , the air force statement said .
176	s. service member died friday from injuries sustained when a black hawk helicopter crashed in northeastern italy on thursday , the u. s. military personnel , crashed thursday afternoon about 22 miles from aviano , italy . s. military said the helicopter was an army h-60 black hawk attached to the 1st battalion , 214th aviation regiment .
177	`` we know in the past that the president has used some of the flimsiest excuses to try to move his agenda regardless of what congress says , '' obama said in an interview with cnn 's wolf blitzer . last month , clinton voted to support a resolution declaring iran 's islamic revolutionary guard corps , an elite part of the iranian military , a foreign terrorist group . obama said clinton also had shown `` flawed '' judgment during the vote to authorize the iraq war five years ago .
178	dhaka , bangladesh -lrb- cnn -rrb- -- more than 1,700 people have died in bangladesh after a devastating tropical cyclone ripped through the western coast of the country , and the toll is expected to rise , a government spokesman tells cnn . qazi abedus samad , director of operations for the country 's armed forces , told cnn saturday the toll had reached 1,723 , and the figure is expected to rise . cyclone sidr , with sustained winds of at least 131 mph -lrb- 210 kph -rrb- , made landfall thursday night along the western coast of bangladesh near the border with india , unleashing floodwaters .
179	los angeles , california -lrb- cnn -rrb- -- a court has ordered pop singer britney spears to give up custody of her children effective wednesday at noon . spears ' former husband , kevin federline , is to retain custody of their two sons `` until further order of the court , '' according to a ruling by superior court judge scott gordon . last month , a judge ordered spears , 25 , to submit to random drug tests after finding she engaged in `` habitual , frequent , and continuous use of controlled substances and alcohol .
180	e.m. debuted a song from its upcoming album wednesday on cnn 's `` anderson cooper 360 ° '' program . e.m. singer michael stipe says the band was honored to be involved with the `` planet in peril '' project . the song `` until the day is done '' also will appear later this month in `` planet in peril , '' a four-hour cnn documentary that looks at environmental crises around the world .
181	las vegas , nevada -lrb- cnn -rrb- -- a young girl shown on video being sexually assaulted was raped while in the care of a baby sitter her mother hired , the mother 's attorney said tuesday . chester arthur stiles , 37 , of nevada is being sought as a suspect in the videotaped rape of a young girl . earlier , officials had said the girl , who is now 7 , was 3-years-old at the time the video was made .
182	memphis , tennessee -lrb- cnn -rrb- -- three men have been arrested and charged with murder in the shooting death last week of a university of memphis football player , memphis police announced monday . police investigating a car crash on september 30 found taylor bradford , 21 , fatally wounded near the campus residence hall area . memphis police department director larry godwin said deeshawn tate , 21 , victor trezevant , 21 , and courtney washington , 22 , had been charged with murder in perpetration of attempted aggravated robbery .
183	los angeles , california -lrb- cnn -rrb- -- former detainees of immigration and customs enforcement accuse the agency in a lawsuit of forcibly injecting them with psychotropic drugs while trying to shuttle them out of the country during their deportation . raymond soeoth , pictured here with his wife , says he was injected with drugs by ice agents against his will . one of the drugs in question is the potent anti-psychotic drug haldol , which is often used to treat schizophrenia or other mental illnesses .
184	tampa , florida -lrb- cnn -rrb- -- some christian congregations , particularly in lower income , urban areas , are turning to an unlikely source for help -- the church of scientology . charles kennedy , of the glorious church of god in christ , a pentecostal church in tampa , florida , and the rev. kennedy preach '' they say they are not scared off by programs with ties to a church that critics say has aggressive recruiting , secretive ways and rigid theology .
185	harris , 27 , was arrested in a federal sting after his bodyguard-turned-informant delivered three machine guns and two silencers to the hip-hop star , according to a justice department statement . authorities said that harris provided the bodyguard $ 12,000 to buy the weapons , which harris is not allowed to own because he is a convicted felon . court documents said harris was convicted on felony drug charges in 1998 , and a federal affidavit said he has been arrested on gun charges in the past .
186	jena , louisiana -lrb- cnn -rrb- -- charges against bryant purvis , one of the six black students accused of being involved in beating a white student , were reduced to second degree aggravated battery during his arraignment wednesday morning . purvis , who was facing charges of second-degree attempted murder and conspiracy , entered a not guilty plea to the reduced charges in the lasalle parish courthouse in jena . charges have now been reduced against at least five of the students in the racially charged `` jena 6 '' case .
187	10 downing street , the official residence of british prime minister gordon brown , calling on the british government to demand that full democracy be restored in pakistan . jemima khan , center , ex-wife for former pakistani cricket star imran khan , joins protesters in london . the crowd of demonstrators massed behind barriers and included jemima khan , the ex-wife of former pakistani cricket star turned politician imran khan .
188	washington -lrb- cnn -rrb- -- three chinese nationals accused of importing thousands of counterfeit luxury handbags in the united states have been arrested in the past two days , federal authorities announced thursday . `` this was a sophisticated criminal conspiracy that trafficked millions of dollars of counterfeit goods from china , profiting off the backs of legitimate companies and their hard-working employees , '' said assistant attorney general alice fisher . authorities call it one of the largest counterfeit operations ever discovered , involving about 300,000 bags and wallets with names like burberry , gucci and coach .
189	washington -lrb- cnn -rrb- -- national hurricane center director bill proenza left his position monday , just days after nearly half of the nhc staff signed a petition calling for his ouster . proenza is still employed by the national oceanic and atmospheric administration -- a parent organization of the nhc -- but he is currently on leave , said noaa spokesman anson franklin . proenza caused an uproar last month with comments about a key hurricane satellite called quikscat .
190	tamez owns three acres of land along the texas-mexico border where the department of homeland security would like to build a border fence . the property is a remnant of a 12,000-acre grant from spain to her family in 1767 , before the united states even existed . richard cortez , the mayor of the border town of mcallen , texas , believes hiring more border patrol agents , deepening the rio grande , and clearing its banks of tall vegetation would provide better border protection than the fence .
191	washington -lrb- cnn -rrb- -- a man has been indicted on federal charges for allegedly displaying hangman 's nooses from the back of a pickup truck during a civil rights march last year in jena , louisiana . jeremiah munsen , 18 , of grant parish , repeatedly drove slowly past a group of marchers gathered at a bus depot in alexandria , which is near jena , as they awaited buses to return them to tennessee , federal authorities said thursday . authorities there had been accused of injustice in the handling of racially charged cases , including the hanging of nooses in a tree after a group of black high school students sat in an area where traditionally only white students sat .
192	-lrb- cnn -rrb- -- a car bomb attack in algeria has killed three people and wounded 23 , the algerian press service reported . the attack occurred tuesday near an office housing judicial police in the city of thenia , about 50 km -lrb- 31 miles -rrb- east of the capital of algiers , the agency said . the blast destroyed about 20 houses , and a commission has been appointed to look after the victims , the press agency said .
193	sussex , virginia -lrb- cnn -rrb- -- suspended nfl quarterback michael vick must adhere to tightened restrictions after he tested positive for marijuana use , a federal judge said wednesday . vick tested positive for the drug on september 13 , a court document from the eastern district of virginia shows . vick , 27 , must participate in substance abuse therapy and mental health counseling `` if deemed advisable by the pretrial services officer or supervising officer '' at his own expense , the order said .
194	s. embassy vehicle tuesday as it traveled along a coastal highway north of beirut , killing at least three lebanese civilian bystanders , according to american and lebanese officials . lebanese internal security forces said three lebanese civilian bystanders were killed in the explosion in beirut 's dora area , contradicting earlier reports of four . twenty-one others -- including the american bystander -- were wounded in the explosion , which was caused by a 15-kilogram -lrb- 33-pound -rrb- bomb placed in a car before the explosion , the security forces said .
195	hillary clinton and barack obama will duel for super tuesday votes thursday night as the democratic presidential hopefuls face off for the first time together minus former sen. the debate -- sponsored by cnn , the los angeles times and politico -- starts at 8 p. on tuesday , clinton won the florida primary , a contest her campaign said helped the senator regain momentum even though it awarded no delegates .
196	las vegas , nevada -lrb- cnn -rrb- -- former beatles paul mccartney and ringo starr clowned around and marveled at their band 's amazing impact in an interview tuesday on cnn 's `` larry king live . '' larry king , left , poses with -lrb- l-r -rrb- paul mccartney , yoko ono lennon , olivia harrison and ringo starr tuesday in las vegas . '' mccartney said the early beatles knew they were a good band and were pretty sure of themselves , but starr said , `` we thought we 'd be really big in liverpool .
197	former new york yankee bobby murcer warms up during old timers day yankee stadium on july 7 . in august of ' 77 , bobby murcer of the cubs promised to hit a home run for terminally ill fan scott crull . but that 's not why crull -- a 12-year-old from calumet city , illinois -- makes this list .
198	-lrb- cnn -rrb- -- three palestinians , including two sick children , have died recently while waiting for resettlement from iraq , the u. about 2,000 palestinian refugees are stranded in camps along the syrian border and face difficult living conditions , including limited medical care , the u. the agency has appealed for the resettlement of `` vulnerable and sick '' children in al waleed refugee camp at the iraqi-syrian border .
199	s. coast guard planes and ships were searching friday for a japanese balloonist who disappeared off the alaska coast while flying from japan to the west coast united states . when he missed three subsequent scheduled calls over the next six hours , they called the coast guard , read said . read said two coast guard c130 hercules planes conducted searches thursday 435 miles south of adak , alaska , the balloonist 's last known position .
200	baghdad , iraq -lrb- cnn -rrb- -- coalition troops killed the al qaeda terrorist who masterminded the february 2006 attack on samarra 's al-askariya mosque and set off continuing violence and reprisal killings between sunnis and shiites , the u. haitham sabah al-badri , the al qaeda emir of greater samarra , was killed by an airstrike thursday east of samarra , said rear adm. `` eliminating al-badri is another step in breaking the cycle of violence instigated by the attack on the holy shrine in samarra , '' fox said .
201	-lrb- cnn -rrb- -- the chinese government is bracing itself for a rush of people wishing to marry when the summer olympics kick off on august 8 -- because the number carries a special significance in chinese culture , the state news agency said sunday . the number `` eight '' -lrb- ba -rrb- is considered auspicious by many in china because it sounds like the word for `` wealth '' and `` fortune , '' the news agency xinhua said . every year , many couples choose the 8th of august -- the eighth month of the year -- hoping `` eighth of the eighth '' luck will rub off on them , the news agency said .
202	london , england -- a mother is seeking to have the womb of her severely disabled daughter removed to prevent the 15-year-old from feeling the pain and discomfort of menstruation . doctors in britain are now taking legal advice to see if they are permitted to carry out the hysterectomy on katie thorpe , who suffers from cerebral palsy . '' andy rickell , executive director of disability charity scope , told the press association : `` it is very difficult to see how this kind of invasive surgery , which is not medically necessary and which will be very painful and traumatic , can be in katie 's best interests .
203	-lrb- cnn -rrb- -- richard roberts , the embattled president of oral roberts university and the son of its namesake evangelist founder , stepped down friday , according to the school 's board of regents . i love the students , faculty , staff and administration , and i want to see god 's best for them , '' roberts wrote in his resignation letter . roberts ' decision was effective immediately and came as the school fought a wrongful termination lawsuit filed by three professors who accused him and his wife of misconduct .
204	-lrb- cnn -rrb- -- it may take a lot of frequent-flier miles , a penchant for cold places , a tolerance of taxes and regular doses of chocolate , but happiness could be within reach . just ask eric weiner , who made it his mission to find the most content places around the globe , uncovering lots of surprises along the way . weiner spent 10 years as a foreign correspondent for national public radio , a job that took him to some of the least happy places in the world .
205	the 19-year-old gunman sent at least one text message to his former girlfriend , with whom he broke up about two weeks ago , omaha police chief thomas warren said . police do n't yet know why hawkins chose the mall or the von maur department store in particular , warren said , adding only that the teen `` may have frequented the westroads mall . '' see who hawkins killed in department store '' the incident itself appeared to be premeditated , as hawkins left a suicide note and other correspondence , warren said .
206	london , england -- nihat kahveci sent turkey into the euro 2008 finals behind defending champions and group c winners greece with the only goal in a narrow 1-0 victory over battling bosnia-herzegovina . goalscorer nihat gets a kiss from team-mate altintop after turkey sealed their place with a 1-0 win over bosnia . the result ended norway 's hopes of snatching qualification despite their 4-1 victory away to malta with steffen iversen scoring a first half hat-trick .
207	beirut , lebanon -lrb- cnn -rrb- -- amid high emotions and tight security , thousands lined the streets of beirut friday to honor antoine ghanem , the anti-syrian lebanese mp killed in a powerful bomb blast along with four others . the coffins were greeted at the christian maronite church with applause from the gathered mourners , the agency said , including majority leaders and the lebanese cabinet as well as ghanem 's family and friends . ghanem 's death is the latest in a series of attacks targeting prominent anti-syrian figures , with the most notorious being the february 2005 assassination in beirut of former lebanese prime minister rafik hariri , which sparked widespread protests that led to the ouster of syrian forces from lebanon .
208	never mind the human -- the dog in haute couture was the fashionistas ' focus during pet fashion week . it was pet fashion week new york and these canines were not wearing the boring plaid raincoats that have sold for years . booths at the annual event features couture clothing , jewelry and other accessories for the well-dressed doggie -- all part of the $ 40 billion pet industry .
209	rome , italy -lrb- cnn -rrb- -- police made a string of arrests across europe tuesday , detaining 20 people suspected of involvement in the recruitment of suicide bombers , italian police said . eleven of the arrests were in italy , in the northern cities of milan , reggio emilia , bergamo , and san remo , said . parente said that during the arrests , police found al qaeda manuals for the production of explosives , detonation devices , and various poisons .
210	miami , florida -lrb- cnn -rrb- -- a grand jury tuesday indicted four suspects on charges of first degree felony murder and armed burglary in the slaying of washington redskins star sean taylor . hunte , 20 , jason scott mitchell , 19 , and charles kendrick lee wardlow , 18 -- appeared in court tuesday via videoconference wearing thick green vests , which defense attorneys said were suicide safety smocks . they were ordered held without bail at the pre-trial detention center in miami , florida , where corrections officer janelle hall said they are under suicide watch .
211	-lrb- cnn -rrb- -- from `` mississippi masala '' to `` vanity fair , '' mira nair 's movies have entranced audiences in india and the west . cnn spoke to the director of `` monsoon wedding '' and `` salaam bombay ! '' at the bollywood movie awards in long island about filmmaking in india and america and her adaptation of jhumpa lahiri 's novel about loss and family , `` the namesake . mira nair : i happened to read `` the namesake '' on a plane in early 2004 , when i traveled from new york to jo ` berg to finish the filming of `` vanity fair .
212	hollywood , florida -lrb- cnn -rrb- -- a man serving a life sentence for robbing a drugstore has confessed to overpowering and fatally shooting a deputy who was taking him to court wednesday , authorities said . michael mazza , 40 , was arrested outside a pawn shop in hollywood , florida , hours after the death of broward county deputy paul rein sparked a massive manhunt . the incident happened as mazza was being taken to the second day of his trial in connection with the armed robbery of a coral springs bank , sheriff al lamberti said .
213	a british hotel chain is promising free accommodation to couples who share their first names with the couple from the christian nativity story . almost 30 josephs and marys had already signed up for the free night 's stay at the travelodge , said shakila ahmed , a spokeswoman for the hotel chain . `` the ` gift ' of a free night 's stay is to make up for the hotel industry not having any rooms left on christmas eve over 2000 years ago when the original ` mary and joseph ' had to settle for the night in a stable , '' the company says on its web site .
214	-lrb- cnn -rrb- -- a saudi arabian human rights attorney is asking the government to allow him to represent a woman who was gang-raped -- and then sentenced to prison for speaking out about the case . the judge more than doubled the sentence against al-lahim 's 19-year-old client because she spoke to the media about the case , a court source told arab news , an english-language middle eastern daily newspaper . the woman -- who was initially sentenced in october 2006 to 90 lashes -- had her sentenced increased to 200 lashes and was ordered to serve six months in prison under saudi arabia 's strict islamic law .
215	washington -lrb- cnn -rrb- -- jordan 's king hussein sent a secret message to president richard nixon in 1970 pleading with him to attack syria , according to declassified documents released wednesday by the former president 's library . the papers are among about 10,000 documents released by the nixon presidential library , some of which offer harbingers of present-day events , such as concerns about terrorism and saudi arabia . library director timothy naftali said the documents describe challenges such as how to get the saudis more involved in solving the palestinian-israeli conflict , how to get them more engaged against terrorism , how to address the arab view that the united states always sides with israel and how to build up moderate palestinians to counter extremists .
216	washington -lrb- cnn -rrb- -- the cia asked the justice department to investigate whether former operative john kiriakou illegally disclosed classified information when he talked about the waterboarding of a terrorism suspect , government officials say . ex-cia agent john kiriakou says he underwent waterboarding in training and cracked in a few seconds . kiriakou spoke last week with several news organizations , including cnn , after the cia disclosed that videotapes of certain interrogations were destroyed in 2005 .
217	san francisco , california -lrb- cnn -rrb- -- `` human error factors '' probably were involved in a ship crash and oil spill that killed nearly 400 birds in san francisco bay and prompted a federal criminal probe , the u. although not officially detained , the captain and crew were barred by law from leaving the vessel , which is docked for repairs in oakland , the coast guard said . '' watch allen on the criminal probe '' the cosco busan was departing oakland for south korea when it struck a tower supporting the western suspension span of the bay bridge , cutting a 212-foot , 12-foot wide gash in the ship 's side .
218	-lrb- lifewire -rrb- -- for some , valentine 's day can be heavenly . four years ago , she and her live-in boyfriend -- the guy she thought she would marry -- were having a pre-valentine 's day brunch when sullivan leaned over and whispered a few sweet nothings in his ear . see where the love dollars go '' `` the holiday 's designed to make you feel -lrb- bad -rrb- , '' says judy mcguire , author of `` how not to date .
219	james orange , a civil rights activist whose 1965 jailing sparked a fatal protest that ultimately led to the famed selma-to-montgomery march and the voting rights act , died saturday at atlanta 's crawford long hospital , the southern christian leadership conference said in a statement . orange was a native of birmingham , alabama , `` who resided in southwest atlanta for four decades while fighting the good fight for equality and social justice for all mankind , '' said the sclc , a civil rights organization . orange was arrested and jailed in perry county , alabama , in 1965 on charges of disorderly conduct and contributing to the delinquency of minors for enlisting students to aid in voting rights drives .
220	baghdad , iraq -lrb- cnn -rrb- -- oscar-winning actress angelina jolie is visiting iraq to boost what she sees as lagging efforts to deal with the problems of 2 million `` very very vulnerable '' internally displaced people in the wartorn country . `` there does n't seem to be a real coherent plan to help them , '' said jolie , speaking in an exclusive interview with cnn 's arwa damon thursday . watch cnn 's exclusive interview with jolie '' sunni-shiite sectarian violence in the country has sparked a displacement crisis that is considered the most significant in the middle east since the 1948 creation of israel .
221	naples , italy -- udinese remained in fifth place in italy 's serie a after suffering a 3-1 defeat away to napoli on saturday , with both teams having a player sent off . ezequiel lavezzi scored twice in two minutes to end a goal drought lasting two and a half months , netting on 74 and 75 as napoli moved up to ninth in the table . pepe leveled the score on nine minutes , and then napoli played with 10 men from the 36th minute after paolo cannavaro was expelled for a last-man foul .
222	london , england -lrb- cnn -rrb- -- a six-month trial was launched this week that promises to transform the way luggage is tracked and monitored at london 's heathrow airport . as many as 28 in every 1,000 passengers do not arrive at their destination at the same time as their luggage . the # 150,000 trial -- the first of its kind in the uk -- will continue for six months tracking bags for passengers traveling with emirates to and from dubai , and transferring through heathrow .
223	beirut , lebanon -lrb- cnn -rrb- -- supporters and opponents of lebanon 's pro-western government appeared to split seats on sunday as lebanese voters went to the polls to replace two ruling-party lawmakers assassinated in recent months . both eido , a sunni muslim , and itani are members of the bloc led by saad hariri -- the son of former prime minister rafik hariri , whose 2005 killing triggered lebanon 's current wave of political upheaval . but in metn , a maronite christian suburb east of the capital , anti-government candidate camille khouri upset former president amin gemayel by a few hundred votes , lebanese television network lbc reported .
224	-lrb- cnn -rrb- -- pastor brady boyd calls it the `` highlight of my ministry '' -- seeing the parents of the man who shot up his church be embraced by the parents of two teenage sisters who were killed in the attack . `` the four of them met and hugged and cried , '' said boyd , the senior pastor at new life church in colorado springs , colorado . ' '' boyd was referring to a meeting on january 3 between ron and loretta murray , whose 24-year-old son matthew carried out the december 9 attack at new life church , and david and marie works , whose daughters , stephanie , 18 , and rachael , 16 , were killed in the rampage .
225	new york -lrb- cnn -rrb- -- city officials in new york have denied iranian president mahmoud ahmadinejad 's request to visit the site of the destroyed world trade center next week , a police spokesman said wednesday . the controversial , outspoken president wanted to `` pay his respects '' and lay a wreath at the site of the 2001 al qaeda attacks during his visit to the u. iranian officials have not put in any additional requests to visit the public platforms at ground zero , police spokesman paul browne told cnn .
226	-lrb- cnn -rrb- -- a florida judge friday handed a legal victory to a former astronaut accused of assaulting a romantic rival , ruling evidence found in her car and statements she made to police after her arrest were inadmissible at trial . he said his decision stemmed from a variety of factors , most concerning police tactics in their interview of lisa nowak and the fact that no written consent was obtained to search her car . colleen shipman and using pepper spray against her in a parking lot at orlando international airport in florida on february 5 .
227	washington -lrb- cnn -rrb- -- attorneys for a `` high-value '' terror suspect who says he was tortured while being held at secret cia prisons have requested that a judge bar the agency from destroying evidence of the alleged torture . the motion , filed by the center for constitutional rights attorneys on behalf of majid khan -- who is being held at guantanamo bay , cuba -- is dated november 29 . khan -- a native of pakistan who attended high school in baltimore -- was held for more than three years at the secret cia prisons and `` subjected to an aggressive cia detention and interrogation program notable for its elaborate planning and ruthless application of torture , '' attorney gitanjali s.
228	'' sharon long is a forensic artist whose job is to help identify the dead , often murder victims . she is a forensic artist whose job is to give faces -- and sometimes identities -- back to anonymous murder victims who have been robbed of both . when fort myers , florida , police found eight sets of human remains in the woods in march , they turned to her -- anything to help identify the people who were so mercilessly left to rot amid the trees and mud .
229	hillary clinton of new york and barack obama of illinois is a statistical dead heat in texas , which holds primaries march 4 . in the survey , out monday , 50 percent of likely democratic primary voters support clinton as their choice for the party 's nominee , with 48 percent backing obama . among republicans , 55 percent of likely texas gop primary voters support mccain as their choice for nominee .
230	-lrb- cnn -rrb- -- german zookeepers in nuremberg will bottle-feed a four-week-old polar bear and rear it away from its mother after concerns the mother would eat her cub , officials said thursday . the cub , which does n't yet have a name , was being cared for at nuremberg city zoo , where it was resting under heat lamps and is drinking formula . wednesday , the zoo said keepers decided to take the cub away from its mother , vera , because the mother was showing signs of being upset and confused , taking her baby in and out of the animals ' enclosure .
231	glasgow , scotland -- wednesday 's glasgow derby between celtic and rangers has been postponed as a mark of respect following the death of motherwell captain phil o'donnell , the scottish premier league announced . but we recognise that as a former player , phil was part of celtic 's extended football family , '' said spl secretary iain blair . '' motherwell 's game against hibernian on the same day was called off on saturday night in the hours after o'donnell , 35 , died following his on-field collapse .
232	washington -lrb- cnn -rrb- -- president bush 's top adviser on homeland security is stepping down after 4 1/2 years on the job , the white house said monday . homeland security adviser fran townsend turned in her letter of resignation to president bush on november 6 and will be looking for new opportunities outside government . `` i 'm going to just take another job doing 20-hour days , but this time in the private sector , '' said townsend , who has spent 25 years working in law enforcement and government .
233	-lrb- cnn -rrb- -- before dying , 2-year-old riley ann sawyers was beaten with belts , picked up by her hair , thrown across the room and held under water , according to an affidavit from the galveston county sheriff 's office . '' the affidavit says the girl 's mother , kimberly dawn trenor , described to police how her daughter died and was put in a plastic storage box that trenor and her husband , royce zeigler , later dumped into a galveston waterway . '' a police artist 's sketch of her was widely circulated in the news media and prompted a call to galveston police from riley 's grandmother in ohio , who had not seen the girl in months .
234	haryana , india -lrb- cnn -rrb- -- in a nation of more than a billion people and millions of unresolved court cases , how do you take care of the backlog ? '' the mobile court is bused into rural areas to hear both criminal and civil complaints as part of an effort to dig the nation 's court system out from under an enormous backlog of cases . singh said he has been able to clear 1,100 cases in just six months time compared to 500 under the traditional court system .
235	san diego , california -lrb- cnn -rrb- -- more than a dozen uncontained wildfires raged monday across southern california , threatening thousands of structures and forcing people to flee homes from san diego to malibu to lake arrowhead . fire officials said more than 265,000 people have been evacuated and nearly 4,900 firefighters are battling the fast-moving blazes , which began over the weekend . by monday afternoon , the california department of forestry and fire prevention had reported 13 active wildfires have consumed more than 98,000 acres and destroyed or damaged at least 50 homes and businesses across six counties .
236	86 billion lawsuit filed wednesday on behalf of nearly 400 colombian families who say the company should be held responsible for the `` torture and murder '' of their loved ones . '' the plaintiffs are asking for $ 10 million in compensatory damages and $ 10 million in punitive damages for each of the 393 victims named in the suit . earlier this year , chiquita , as part of a plea agreement , admitted that what it called protection payments had been given to autodefensas unidas de colombia , or auc .
237	paris , france -lrb- cnn -rrb- -- interpol on monday took the unprecendented step of making a global appeal for help to identify a man from digitally reconstructed photos taken from the internet that it said showed him sexually abusing underage boys . the man 's face was disguised by digital alteration , but the images were capable of being restored , according to a bulletin from interpol -- the international police agency based in lyon , france . noble said the pictures have been on the the internet for several years , but investigators have been unable to determine the man 's identity or nationality .
238	washington -lrb- cnn -rrb- -- up to 80,000 items at the ronald reagan presidential library are unaccounted for , probably because of haphazard record-keeping and inventory procedures , officials said thursday . we acknowledge that problems exist in inventory control at the reagan library , '' said a statement from allen weinstein , national archivist . a `` significant breakdown in internal controls '' was found at the reagan library , in simi valley , california , he said in a statement thursday .
239	on saturday expanded a recall of ground beef from about 300,000 pounds to 21. in a statement , the elizabeth , new jersey , company said the hamburger patties may be contaminated with e. the ground beef products being recalled have a `` sell by date '' or a `` best if used by date '' between september 25 , 2007 , and september 25 , 2008 , topps ' statement said .
240	london , england -lrb- cnn -rrb- -- a chronology of bombings and attempted bomb attacks in the mainland uk since the 1970s : . june 29 , 2007 : police defuse a bomb consisting of 200 liters of fuel , gas cylinders and nails found in an abandoned car in haymarket , central london . july 21 , 2005 : two weeks after the deadly 7/7 bombings , four men are alleged to have attempted to carry out a second wave of attacks against london 's transport network at three london underground stations and aboard a bus .
241	los angeles , california -lrb- cnn -rrb- -- a boy playing with matches started a southern california wildfire that scorched more than 38,000 acres , the los angeles county sheriff 's department said tuesday . the buckweed fire , which destroyed 21 homes on its rampage , began october 21 in the agua dulce community . `` our arson explosive detectives , in conjunction with the los angeles county fire department investigators , immediately began their investigation , and during the course of the investigation , it led to a juvenile suspect , '' los angeles county sheriff 's deputy tony moore told cnn 's `` american morning '' wednesday .
242	-lrb- cnn -rrb- -- at least 200 people were evacuated from their homes , including 84 residents of an apartment building for the elderly , after a tanker truck carrying 9,000 gallons of gasoline erupted early wednesday in a northern boston suburb . firefighters battle a blaze wednesday north of boston after a tanker overturned carrying 9,000 gallons of gas . no serious injuries were reported in the everett , massachusetts , blast , but witnesses recounted close calls to a local television station .
243	-lrb- cnn -rrb- -- dozens of defense department personnel are actively engaged in fighting the wildfires raging in southern california , pentagon officials said tuesday , and thousands more national guard and active-duty military personnel are available to help . paul mchale , assistant secretary of defense for homeland defense , said that 12 defense department firefighting teams , with 12 engines , are already working the blazes and more than 17,000 national guardsmen are potentially available if needed . in addition , he said , 550 marines from camp pendleton are preparing to deploy to the fire area .
244	-lrb- cnn -rrb- -- despite the obvious claims of younger rivals cristiano ronaldo and lionel messi , few can really argue with the 96 football journalists who voted ricardo izecson dos santos leite as the 2007 world footballer of the year . the prestigious ballon d'or award is widely regarded as the most prestigious individual prize in football and kaka 's inclusion on its coveted roll of honor is a testament to the 25-year-old brazilian 's current standing in world football . when ac milan defeated liverpool in the champions league final in athens , avenging their heartbreaking loss to the same team in istanbul two years previously , it enabled kaka to fulfill his dream of holding aloft europe 's premier trophy -- a winner 's medal he fully deserved after a sublime 90-minute performance .
245	michael vick leaves court in richmond , virginia , in august after pleading guilty to dogfighting charges . the atlanta falcons quarterback is scheduled to be sentenced on december 10 on a federal conspiracy charge of bankrolling the dogfighting operation . vick , 27 , voluntarily turned himself in around noon , said kevin trevillan of the marshals service , and is being held at northern neck regional jail in warsaw , virginia , until the sentencing hearing .
246	baghdad , iraq -lrb- cnn -rrb- -- the head of iraq 's main humanitarian group said an 18-year-old approached him with a baby suffering from leukemia . the desperate mother said she 'd do `` anything '' for treatment for her child -- and then offered herself up for sex . baha , 12 , waits for treatment in an iraqi red crescent center after shrapnel pierced his left eye .
247	paris , france -lrb- cnn -rrb- -- the paris suburbs were again rocked by riots after a second night of lawlessness monday caused widespread destruction and left scores of police injured , according to french authorities and media reports . an angry mob repeatedly clashed with riot police and torched cars and buildings in the town of villiers-le-bel , north of paris , after two teens on a motorcycle were killed following a collision with a police car sunday night . the 15 - and 16-year-old boys , both sons of african immigrants , according to police , died when their motorbike hit a patrol car in villiers-le-bel .
248	-lrb- cnn -rrb- -- two tractor-trailer trucks crashed and burst into flames thursday on a bridge between the united states and mexico , shutting a key border crossing and killing four people , police said . police look at the aftermath of a fiery crash on a bridge linking reynosa , mexico , and pharr , texas . the collision on the pharr-reynosa international bridge in texas triggered a chain-reaction accident with three other vehicles , said lt.
249	-lrb- cnn -rrb- -- after expressing condolences and outrage over events in pakistan , presidential candidates turned their discussion toward whose foreign policy credentials were better . in a campaign that had been drifting toward economic issues , the assassination of former prime minister benazir bhutto and the turmoil in pakistan could refocus voters on who is best qualified to deal with crises in other parts of the world . the clinton campaign said the suggestion that her vote caused unrest in pakistan is baseless , adding that this is a time to focus on the people of pakistan and not politics .
250	kabul , afghanistan -lrb- cnn -rrb- -- australia 's new prime minister assured afghan president hamid karzai on saturday that his country 's troops intend to be in afghanistan `` for the long haul . kevin rudd and french president nicolas sarkozy flew into the afghan capital , kabul , on saturday to meet with karzai and visit their respective country 's troops participating in the nato-led international security assistance force . in a morning meeting , sarkozy `` assured president karzai of his government 's long term political and military support with the people of afghanistan , '' according to a statement from the afghan president 's office .
251	-lrb- cnn -rrb- -- football should be used to teach young people moral lessons , pope benedict xvi said during an audience with representatives from the italian football league and lower division clubs . italian football has been tarnished in recent seasons by corruption , match-fixing scandals and crowd trouble , but the pope insisted the sport celebrated positive virtues as well . `` the sport of football can be a vehicle of education for the values of honesty , solidarity and fraternity , especially for the younger generation , '' the pope said , according to italy 's gazzetta dello sport newspaper .
252	islamabad , pakistan -lrb- cnn -rrb- -- pakistan 's foreign ministry wednesday rejected concerns raised by the u. n. nuclear watchdog chief that the country 's nuclear weapons `` could fall into the hands of an extremist group in pakistan or in afghanistan . elbaradei , director general iaea -lrb- international atomic energy agency -rrb- , hinting at the possibility of its nuclear weapons falling into the hands of extremists , '' according to a ministry statement .
253	-lrb- cnn -rrb- -- tom cruise expounds on his beliefs in scientology in a 2004 video that made its way onto the internet this week . `` i think it 's a privilege to call yourself a scientologist , and it 's something you have to earn , '' cruise says at the beginning of the video . a second part of the video , made available to cnn by the publisher of a new unauthorized biography of cruise , shows cruise accepting scientology 's freedom medal of valor award and exchanging military-like salutes with scientology chairman david miscavige to audience applause .
254	-lrb- cnn -rrb- -- the orgy of violence that has greeted kenya 's disputed election result has led to hundreds of deaths and forced tens of thousands to flee their homes . but away from the tragic human cost , the unrest has also provoked concerns about the stability of the east african country 's economy , until now seen as a model for the region . the equity market on the nairobi stock exchange lost 40 billion kenyan shillings -lrb- $ 591 million -rrb- in value on its first day of new year trading wednesday , the kenyan financial newspaper business daily africa reported .
255	she stunned global cinema audiences with her controversial and oscar-nominated performance as a lonely deaf girl in the film `` babel . '' rinko kikuchi is one of japan 's hottest young actresses and models , recently working with karl lagerfeld as the new face of channel . despite her success , she remains an unconventional figure in japan , at odds with the traditional demure image of the japanese woman and forging a career on her own terms .
256	bangkok , thailand -lrb- cnn -rrb- -- the wife of ousted prime minister thaksin shinawatra arrived in thailand tuesday morning to face corruption charges , promising to fight the accusations , her attorney said . the court released her on 5 million baht -lrb- about $ 168,000 -rrb- bail and ordered her not to leave the country . on monday , thaksin 's attorney noppadon pattama said the former prime minister would return from exile in mid-april to answer to the same charges his wife faces .
257	baghdad , iraq -lrb- cnn -rrb- -- coalition forces found 26 bodies buried in mass graves and a bloodstained `` torture complex , '' with chains hanging from walls and ceilings and a bed connected to an electrical system , the military said wednesday . from december 8 to 11 , the troops who found the complex also killed 24 people they said were terrorists and detained 37 suspects , according to a statement issued by multinational division north at camp speicher in tikrit . the complex was in an area thought to be an al qaeda in iraq haven and operating base , the military said .
258	-lrb- cnn -rrb- -- a search is under way for a pregnant 20-year-old marine who has been missing from camp lejeune , north carolina , since december 14 . the marine 's car was found monday at jacksonville 's bus station , brown told the daily news , and her cell phone had been found at camp lejeune 's front gate on december 20 . her mother reported her missing on december 19 , and told the sheriff 's department `` that she was very suspicious that something bad may have happened to her daughter , '' the department said in a news release .
259	from the world 's first road-legal grand prix bike to a rock legend with a passion for aviation . monita rajpal meets the boys behind ducati 's motorbikes , iron maiden 's bruce dickinson explains why flying is his new source of adrenaline , and trance legend paul van dyk takes us round his favorite haunt in the former east berlin . cnn 's monita rajpal visits the bologna factory floor and talks to some of the men behind the company , meets ducati 's moto gp champion casey stoner and takes a test drive of ducati 's desmosedici racing replica , the world 's first road-legal grand prix bike .
260	-lrb- cnn -rrb- -- the most compelling action during michigan 's primary tuesday will be on the republican side . the democratic party has stripped the state of its delegates for moving up its primary date so early , and top-tier democratic candidates have taken their names off the ballot , except for sen. john mccain won new hampshire with the help of independent voters , and he is campaigning hard to re-create that success in michigan .
261	-lrb- cnn -rrb- -- the boeing 777 is the mainstay of many airlines ' long-haul fleets and has never been involved in a fatal accident during its service history . the aircraft first entered service on june 7 , 1995 , with more than 900 suppliers from 17 countries coming together to provide the more than three million parts needed in its construction , according to the boeing web site . since its inaugural flight , boeing has extended the 777 family to five commercial passenger models and a freighter version , collectively making more than two million flights .
262	-lrb- cnn -rrb- -- on a videotape released sunday , american al qaeda member adam yahiye gadahn renounces his u. `` american jihadist '' adam gadahn , originally from california , in a video released in september 2006 . the 50-minute tape -- titled `` an invitation to reflection and repentance '' -- was released by as sahab , al qaeda 's video production wing and was provided to cnn by www.
263	rome , italy -- seven manchester united supporters were taken to hospital after violence flared before the 1-1 champions ' league draw against roma in italy . british embassy officials in rome said five fans received stab wounds while two others , including a 16-year-old boy , needed treatment for being drunk , the press association reported . an embassy spokeswoman said : `` seven manchester united supporters were taken to hospital after fighting broke out on the pont duca d'aosta bridge which fans cross over the river to get to the stadium .
264	las vegas , nevada -lrb- cnn -rrb- -- an intense manhunt was under way monday for chester stiles , a 37-year old man whom police say is a suspect in the videotaped rape of a 3-year-old girl four years ago . chester arthur stiles , 37 , of nevada is being sought as a suspect in the videotaped rape of a 3-year-old girl . watch allen describe her first impression of stiles '' allen said she and stiles had been in an on-again , off-again relationship for 10 years and that he was good with her children .
265	kennedy draft a speech addressing kennedy 's catholicism and the separation between church and state . at the time , many questioned whether kennedy , who would go on to become the nation 's first roman catholic president , would be influenced by the catholic church . speaking to cnn senior political analyst bill schneider , sorensen discussed kennedy 's famous 1960 speech and compared it to the speech on faith in politics delivered thursday by republican presidential candidate mitt romney , who would be the first mormon in the white house if he is elected .
266	paris , france -lrb- cnn -rrb- -- a major donors conference to raise funds for the palestinians has gone beyond expectations , with donors pledging $ 7. other delegations at the paris meeting are offering aid in kind , such as the international monetary fund , which said it would provide monitoring of the palestinians ' promised reforms to reassure donors that their money would be used efficiently . the paris conference focuses on short-term priorities for the palestinians , and french president nicolas sarkozy said those include providing immediate support for the palestinian people -- particularly those living in gaza -- and stabilizing the palestinian economy .
267	a lebanese woman and her son run through west beirut in 1989 during fighting between rival forces . in 1988 , i watched the last throes of lebanon 's civil war firsthand -- and like millions of lebanese , sad , frustrated and often fearful . see bios of lebanon 's major players '' in 1988 , the president 's term was coming to an end and the warring factions were unable to agree on a new candidate .
268	-lrb- cnn -rrb- -- saudi king abdullah has pardoned a rape victim who had been sentenced to 200 lashes and six months in prison in a case that sparked international attention , a saudi newspaper has reported . al-jazirah newspaper quoted a saudi justice ministry official saying king abdullah issued a royal pardon monday -- the same day that the hajj , the annual muslim pilgrimage to mecca , begins in saudi arabia . '' saudi arabia 's justice minister abdullah bin mohammad al-sheikh told al-jazirah newspaper that the king felt the pardon would be in the best interests of the saudi people , and the decision did not reflect any lack of confidence in the saudi justice system .
269	tom lantos , the democratic chairman of the house committee on foreign affairs , died monday due to complications from cancer , his office said . he died at the national naval medical center in bethesda , maryland , surrounded by his wife , annette , daughters annette and katrina and many of his 18 grandchildren and two great-grandchildren , according to his office . lantos ' life was `` defined by courage , optimism , and unwavering dedication to his principles and to his family , '' said his wife , annette , his childhood sweetheart , in a statement the house of representatives released .
270	-lrb- cnn -rrb- -- kenya has enjoyed a reputation as one of east africa 's most stable nations since achieving independence from the uk in 1963 . tribal bonds remain stronger than national identity in kenya , with the country 's 36 million people claiming allegiance to around 40 different tribes . last week 's election pitched incumbent president mwai kibaki , a member of kenya 's largest kikuyu tribe , against opposition leader raila odinga of the luo tribe .
271	baghdad , iraq -lrb- cnn -rrb- -- all vehicles were banned from the largely shiite city of amara wednesday after three car bombs ripped through a market district , killing at least 27 people and wounded 151 , officials said . the blasts detonated in close succession in a commercial area in the central section of amara , the provincial capital of maysan province and a city that has been the scene of fighting between rival shiite factions . a car bomb there killed five iraqi civilians and wounded 15 others , an interior ministry official told cnn .
272	new york -lrb- cnn -rrb- -- in the days after benazir bhutto 's assassination , it will be tempting to reach two hasty conclusions : that she was pakistan 's last great hope and that her geo-politically crucial country has revealed itself to be inherently hopeless . writing to me through my web site , american feminists say they are `` aching '' over the loss of `` our dear , sweet , brave benazir . '' for example , during bhutto 's time in office , pakistan did n't defy the anti-female rape and adultery laws .
273	s. , turkish and iraqi leaders all held talks monday about kurdish rebels using northern iraq as a launchpad for cross-border attacks into turkey . president bush chatted by phone with turkish prime minister recep tayyip erdogan , while separately two senior iraq national government figures met with the head of the country 's kurdish region . the diplomatic moves came after turkish warplanes pounded kurdish separatist targets in northern iraq on saturday and sunday as well as last week .
274	london , england -lrb- cnn -rrb- -- claims by diana 's former butler that he knew a mysterious `` secret '' about the late princess have been trashed by the coroner in her inquest . considered the first star witness of the inquest , burrell 's appearance tuesday was delayed after the coroner asked him to retrieve the last letter the princess gave him . monday , the ex-butler -- once described by the princess as `` her rock '' -- told the inquest the letter contained a `` secret , '' which he claimed he could not remember .
275	london , england -lrb- cnn -rrb- -- princess diana 's relationships with two muslim men provoked an outburst from her mother , who called her daughter `` a whore '' , paul burrell , the princess 's former butler , told an inquest monday . his role as confidant to diana , who died in a paris car crash on august 31 , 1997 , along with her boyfriend dodi fayed and hotel security chief henri paul , meant his testimony was eagerly anticipated . '' burrell told the inquest that diana asked him to listen in on a conversation in june 1997 with her mother , frances shand kydd , who died in 2004 and who was critical of her relationship with muslim men .
276	san jose , california -- top-seed andy roddick easily defeated delray beach winner kei nishikori of japan 6-2 6-4 in the headline match at the atp tournament in san jose on thursday night . roddick needed just 63 minutes to defeat the 18-year-old japanese who won his first atp title on sunday and was on an eight-match winning run . but american number one roddick imposed his quality from the start by taking a commanding 3-0 lead and breaking nishikori 's serve before the youngster won a game .
277	babahoyo , ecuador -lrb- cnn -rrb- -- at least 10 people have died and thousands have been left homeless after torrential rains inundated large parts of ecuador , officials said thursday . a man grabs on to a piece of wood as a boat passes him on a flooded street this week in puerto inca , ecuador . los ríos -- north of guayaquil -- was the hardest hit of nine provinces affected , civil defense officials said .
278	washington -lrb- cnn -rrb- -- several marines who were involved in the november 2004 offensive in falluja , iraq , are now the focus of an investigation into allegations that civilians were intentionally killed during the operation , several pentagon officials have confirmed . s. marines expeditionary force operate in falluja , iraq , in november of 2006 . no one has been charged in the probe , which is based on what one official told cnn were `` credible allegations '' from a former marine .
279	`` no country , '' the coen brothers ' brutal tale of a man pursued by death and the law across the bleak moonscapes of west texas , won best picture at the 80th academy awards . the coens also won best director and best adapted screenplay , and bardem , who played cattle-gun-armed killer anton chigurh , won best supporting actor . `` we 're very thankful to all of you out there for letting us continue to play in our corner of the sandbox , so thank you very much , '' joel coen said in accepting the directing award .
280	rome , italy -- italian tennis players potito starace and daniele bracciali have been banned by the atp for betting on matches . the country 's top player starace -- 31st in the atp rankings -- has been suspended for six weeks from january 1 and fined $ 30,000 -lrb- 20,890 euros -rrb- for making five bets totalling around 90 euros two years ago . bracciali , world ranked 258 , has been banned for three months and fined $ 20,000 -lrb- 13,930 euros -rrb- for making around 50 five-euro bets between 2004 and 2005 .
281	washington -lrb- cnn -rrb- -- president bush on wednesday signed a sweeping energy bill that he said would help the country become `` stronger , cleaner and more secure . '' president bush on wednesday signs a bill raising auto fuel economy standards for the first time in decades . the bill -- approved overwhelmingly tuesday by the house of representatives -- raises automotive fuel economy standards for the first time in more than three decades , requiring a corporate average of 35 miles per gallon by 2020 .
282	-lrb- cnn -rrb- -- stranded in the snowy california woods for three days after losing their way while searching for a christmas tree , a father and his three children fashioned a `` help '' sign out of twigs on a nearby unpaved road , according to the helicopter pilots who found them . the four sought shelter from the heavy snow in a culvert and removed their sodden socks in an effort to stay warm and dry while they waited for rescue , the pilots said . frederick dominguez said that during the three-day ordeal , he and his children slept inside a log for warmth and ripped apart their shirts to wrap their wet , freezing feet .
283	-lrb- cnn -rrb- -- the death of a passenger last week aboard an american airlines flight underscores the importance of taking precautions before flying , a travel health industry representative said monday . , said its physicians last year advised 74 airlines on how to handle more than 17,000 in-flight medical events . flight attendants with sick passengers call good samaritan hospital in phoenix , arizona , a level-one trauma center where emergency room physicians and a service able to translate 140 languages are on call to answer questions from any of 2 million airline passengers flying at any given time , she said .
284	london , england -lrb- cnn -rrb- -- the sole survivor of the crash that killed princess diana has told a court he still can not remember the incident but does not support the conspiracy theories surrounding it . bodyguard trevor rees and the back of princess diana 's head are seen shortly before the car crash . he sustained serious injuries in the august 31 , 1997 crash and testified that he received anonymous phone calls and letters after the accident , threatening him to keep quiet .
285	bush on friday stressed the role of faith-based groups in the fight against aids , calling the struggle one of conscience and morals on the eve of world aids day . activists call for more aids funding in front of the white house , draped with a giant red aids ribbon . '' more than 33 million people worldwide have hiv -- the virus that can lead to aids -- according to the united nations .
286	a mature saltwater crocodile in the the murky waters of the adelaide river , near darwin in the northern territory . the two men were collecting crocodile eggs by a river bank in australia 's northern territory tuesday when a crocodile grabbed jason grant by the lower right arm , a spokeswoman for the area police told cnn . but a second shot that fitzgerald fired struck grant in the upper right arm , said northern territory police spokeswoman katie fowden .
287	new york -lrb- cnn -rrb- -- a massive anti-mafia sweep that stretched from new york to sicily has not only cut off the head of the gambino crime family but lopped off `` the shoulders and chest '' too , prosecutors said thursday . sixty-two members of the gambino , genovese and bonanno families face 80 charges , ranging from money laundering to illegal gambling and murder . `` these charges strike at the very core of the gambino family , '' said benton campbell , united states attorney for the eastern district of new york .
288	san francisco , california -lrb- cnn -rrb- -- nearly 3 million gallons of sewage spilled into san francisco bay when a pump failed at a waste treatment facility , the marin county sheriff 's department told cnn on friday . attempts are being made to contain thursday night 's 2. the waste was released into richardson bay , an inlet of the large bay on the east shore of marin county , he said .
289	rawalpindi , pakistan -lrb- cnn -rrb- -- former pakistani prime minister benazir bhutto 's assassination was her own fault , the country 's president , pervez musharraf , said in an interview on u. responsibility is hers , '' the former general told cbs ' `` 60 minutes '' on sunday . bhutto was killed december 27 in rawalpindi , south of the pakistani capital islamabad , while she was standing in an armored moving car after rallying supporters for now-postponed parliamentary elections .
290	-lrb- cnn -rrb- -- a 12-year-old boy should get a say in whether he gets circumcised , the oregon supreme court has ruled . the court sent the parental custody dispute back to the trial court `` to resolve the factual issue whether m agrees or objects to the circumcision . '' `` m '' is the child at the center of a long-running custody dispute between james and lia boldt , who divorced in 1999 .
291	s. soldiers -- three of them elite army rangers -- have been arrested and charged with planning to rob drug traffickers . wearing street clothes , rangers carlos lopez , 30 , and david ray white , 28 , and army medic stefan andre champagne , 28 , appeared in federal court friday . `` it is a sad day when members of one of america 's most elite corps of soldiers , the army rangers , are alleged to have become involved in criminal activity , '' u.
292	s. navy has moved the guided-missile destroyer uss cole and other ships to the eastern mediterranean sea off lebanon , pentagon officials said thursday . the deployment comes amid a political standoff over lebanon 's presidency , but the navy would not say whether the events are linked . `` it 's a group of ships that will operate in the vicinity for a while and as the ships in our navy do , the presence is important , '' adm.
293	-lrb- cnn -rrb- -- armenian president robert kocharian declared a state of emergency saturday night after a day of clashes between police and protesters , a spokeswoman for the armenian foreign ministry said . the state of emergency will `` hopefully bring some order '' to the capital , yerevan , said salpi ghazarian , assistant to the armenian foreign minister , who spoke to cnn early sunday . '' watch a report on clashes between police and the opposition '' the embassy official estimated that the demonstrations in freedom square grew to as many as 60,000 armenians at times over the last 10 days .
294	-lrb- cnn -rrb- -- saddam hussein let the world think he had weapons of mass destruction to intimidate iran and prevent the country from attacking iraq , according to an fbi agent who interviewed the dictator after his 2003 capture . according to a cbs report , hussein claimed he did n't anticipate that the united states would invade iraq over wmd , agent george piro said on `` 60 minutes , '' scheduled for sunday broadcast . during the nearly seven months piro talked to hussein , the agent hinted to the iraqi that he answered directly to president bush , cbs said in a posting on its web site .
295	-lrb- cnn -rrb- -- hispanics are described as the largest minority group in the united states , as a burgeoning force in the electorate and as an untapped frontier of the business market . even the terms used to name them -- hispanics , hispanic-americans , latinos , latino-americans , the spanish-surnamed -- too tightly package the people categorized by those definitions , some observers say . many of his films , such as `` los angeles now '' and `` brown is the new green : george lopez and the american dream , '' explore the experience and identity of latinos in the united states .
296	• the twins get a check-up -lrb- 2/26/08 -rrb- • video : nancy grace introduces on set 2-14-08 • the twins go out for a stroll -lrb- 2/11/08 -rrb- • the twins at 3 months -lrb- 2/4/08 -rrb- • the twins in january -lrb- 1/21/08 -rrb- • video : first video of nancy grace 's twins e-mail to a friend .
297	london , england -lrb- cnn -rrb- -- more than 150 people have abandoned a sinking cruise liner that collided with an iceberg in antarctic waters , a chilean navy captain told cnn . carlos munita of the chilean navy said they received a distress call from the explorer , saying the vessel had hit an iceberg around 10 p. some 154 people are reported to be on board ship , which carries a liberian flag , including 100 passengers .
298	myrtle beach , south carolina -lrb- cnn -rrb- -- the top three democratic presidential candidates face off in a monday night debate in south carolina , with the hearts and minds of african-american voters on the line . the debate , put together by cnn and the congressional black caucus institute , comes five days before the democratic primary in south carolina , where almost half of the democratic primary voters are african-americans . `` obama 's lead over clinton among black men is more than 50 points , and among black women , once a clinton stronghold , obama has an 11-point advantage , '' said keating holland , cnn 's polling director .
299	hillary clinton got her campaign back on track with projected wins in the texas , ohio and rhode island primaries . obama , who claimed victory in vermont , had won 12 straight contests since super tuesday on february 5 . mccain won primaries in texas , ohio , vermont and rhode island , giving him more than the 1,191 delegates needed to clinch the gop nomination .
300	-lrb- cnn -rrb- -- a texas couple charged with killing the little girl known as `` baby grace '' now face capital murder charges , after a texas grand jury upgraded the charges on wednesday . prosecutors said they have not decided whether to seek the death penalty against the girl 's mother , kimberly dawn trenor , and trenor 's husband , royce clyde zeigler ii . two-year-old riley ann sawyers was beaten to death and her body was disposed of in galveston bay .
301	washington -lrb- cnn -rrb- -- the fbi and the department of homeland security issued a bulletin thursday citing an alleged claim of responsibility by al qaeda for former pakistani prime minister benazir bhutto 's assassination , a dhs official told cnn . but such a claim has not appeared on radical islamist web sites that regularly post such messages from al qaeda and other militant groups . the source of the claim was apparently italian news agency , adnkronos international -lrb- aki -rrb- , which said that al qaeda afghanistan commander and spokesman mustafa abu al-yazid had telephoned the agency to make the claim .
302	washington -lrb- cnn -rrb- -- president bush on friday proposed a temporary , broad-based tax relief package aimed at spurring the nation 's slowing economy . during remarks at the white house , bush , flanked by economic advisers , said the nation 's economy is at risk for a downturn and congress must act to head off trouble . '' bush also said the economic package must include `` rapid income tax relief '' for consumers to `` lift our economy at a time when people otherwise might spend less .
303	according to the nature conservancy , if the present rate of destruction continues , 70 percent of the world 's coral reefs will be destroyed by the year 2050 . not only are they home to 25 percent of all marine fish species , but the organization states that 500 million people rely on coral reefs for their food and livelihoods . watch as an organization in tampa tries to restore habitats for oysters '' to manufacture and place reef balls in marine habitats around the world , barber established the reef ball foundation in 1993 .
304	-lrb- cnn -rrb- -- cnn is taking an in-depth look at contemporary russia as part of the `` eye on russia '' series . we asked you to share your photos of russia and tell us about your experiences in the country , and photos and stories poured in of beautiful places and ordinary places , and of hopes for russia 's future in the 21st century . a business analyst in moscow , she has traveled through russia and collected photos along the way .
305	-lrb- cnn -rrb- -- the saudi lawyer who represented a woman kidnapped and raped by seven men said his license to practice has been reinstated . lawyer and human rights activist abdul rahman al-lahem told cnn 's nic robertson that the justice ministry has reinstated his license . al-lahem had previously told cnn that the saudi judge revoked his license as punishment for speaking to the media about his client 's case , which attracted international attention .
306	kansas city , missouri -lrb- cnn -rrb- -- president bush drew parallels between the aftermath of the vietnam war and the potential costs of pulling out of iraq in a speech wednesday . president bush draws parallels wednesday between the cost of pulling out of iraq and `` the tragedy of vietnam . '' `` three decades later , there is a legitimate debate about how we got into the vietnam war and how we left , '' bush told members of the veterans of foreign wars , at their convention in kansas city , missouri .
307	atlanta , georgia -lrb- cnn -rrb- -- they prefer the darkness and calm of early morning when their targets are most vulnerable , still sleeping or under the influence . `` when they wake up to a submachine gun and flashlight in their face , they tend not to fight , '' says james ergas , the supervisory inspector for the u. in 2007 , the investigators from the southeast task force arrested more than 3,000 suspects ; only once did the marshals exchange gunfire , ergas says .
308	s. senate was called to order for 11 seconds on wednesday as the last political scuffle of the year between the white house and the democratic-led congress played out . nearly all the senators left the capitol for the christmas holiday last week , but democrats are keeping the senate in session to block president bush from making any recess appointments -- a constitutional mechanism that allows the president , during congressional recesses , to fill top government posts for up to one year without senate confirmation . senate majority leader harry reid , d-nevada , announced december 19 that he would keep the senate open with a series of `` pro forma '' sessions through mid-january .
309	pella , iowa -lrb- cnn -rrb- -- a senior aide to republican presidential candidate mike huckabee admitted friday that the former arkansas governor had `` no foreign policy credentials '' after his comments reacting to the assassination of former pakistani prime minister benazir bhutto raised questions . during an event friday in pella , iowa , huckabee said the crisis sparked by bhutto 's death should lead to a crackdown on illegal immigrants from pakistan . `` in light of what happened in pakistan yesterday , it 's interesting that there are more pakistanis who have illegally crossed the border than of any other nationality except for those immediately south of our border , '' huckabee said friday .
310	-lrb- cnn -rrb- -- a colorado prosecutor friday asked a judge to dismiss the first-degree murder charge against tim masters , who spent nine years in prison until new dna evidence indicated someone else might have committed the crime . court papers filed by district attorney larry abrahamson cited `` newly discovered '' evidence , but took pains to state that evidence did n't clear masters . `` while the newly discovered dna evidence does not exonerate timothy masters , it clearly warrants a complete re-examination of all the evidence related to the murder of peggy hettrick , '' the court papers state .
311	com reader kristy o'connor took a prenatal yoga class with heath ledger and michelle williams and says she was `` in awe of his devotion and attention to michelle . heath ledger is pictured with crew of the 2005 film `` lords of dogtown '' and members of the zephyr skating team . donal logue , actor , of los angeles , california i met heath eight years ago while working on `` the patriot .
312	com -rrb- -- check out these seven truly amazing destinations and plan the best place for your great escape . why it 's great : this spanish colonial hideaway offers 308 rooms -- many with fireplaces and private terraces with mountain views . -rrb- watch what stars pack for trips '' bring it back : honey lip balm from a local bee farm ; pixie tangerines -lrb- some of the sweetest fruits in this valley -rrb- .
313	and one of the things i think about and talk about a lot is that women often lack confidence to go for the next job , the top job . but also i think there is still -- i do n't like to call it a glass ceiling , but i think there is still an unseen barrier for women , which is that , if you ask most business people , would they like to promote more women , they would all say yes , they 'd love to : `` where are these women , i want to promote them , '' will be the answer . but i think another piece of advice i would give to women is not to be afraid to put themselves forward and say what it is they want , because i think one thing that happens with women , which perhaps is a gender difference , is that women often hang back and think `` i will be noticed for my results , everybody will see how great i am because i 've delivered these exceptional outcomes '' .
314	las vegas , nevada -lrb- cnn -rrb- -- a fire charred the top of two of three wings of the monte carlo resort and casino on friday , causing no major injuries but forcing visitors and employees to evacuate , authorities said . a bit over an hour after it began , the fire was fully contained , according to the fire departments in las vegas and clark county . firefighters would remain at the hotel until `` the fire is completely knocked out , '' said clark county fire chief steven m.
315	-lrb- cnn -rrb- -- a mine exploded monday on a road in southern somalia , killing four people -- three members of the medical humanitarian group medecins sans frontieres and a journalist . victor okumu , 51 , a kenyan doctor ; damien lehalle , 27 , a french logistician ; and a somali driver named billan were the msf workers who were killed . another member of the team was slightly wounded , the group said in a posting on its web site .
316	washington -lrb- cnn -rrb- -- the head of blackwater usa on sunday rejected a mounting series of reports suggesting the private contractor 's security guards opened fire on innocent iraqi civilians last month . `` there was definitely incoming small arms fire from insurgents '' in the september 16 incident in baghdad , founder and ceo erik prince told cnn 's wolf blitzer on `` late edition . the iraqi government accuses blackwater guards of opening fire without provocation on civilians in a crowded area in baghdad on september 16 , killing 17 and wounding 27 .
317	-lrb- cnn -rrb- -- the announced pregnancy of jamie lynn spears -- the 16-year-old children 's television star and younger sister of beleaguered pop star britney spears -- is casting new light on how states deal with the thorny issue of consensual sex among teens . '' spears , the star of nickelodeon 's `` zoey 101 , '' told ok! magazine that she 's pregnant and that the father is her 18-year-old boyfriend . '' watch a psychologist talk about how spears ' pregnancy could lead to parents talking to their kids about sex '' in louisiana , where spears lives , it is a misdemeanor for someone age 17 to 19 to have consensual sex with someone age 15 to 17 if the difference between their ages is more than two years .
318	-lrb- cnn -rrb- -- a vietnamese woman caught cooking a tiger carcass was sentenced to two and a half years in jail , state media reported thursday . there are reportedly only about 100 tigers , prized by so-called medicine men , left living in vietnam . '' she was arrested last september after police raided a house that she rented in the capital city of hanoi and found dead tigers , bear arms , monkey bones and elephant tusks .
319	-lrb- cnn -rrb- -- a mine exploded monday on a road in southern somalia , killing four people -- three members of the medical humanitarian group medecins sans frontieres and a journalist . victor okumu , 51 , a kenyan doctor ; damien lehalle , 27 , a french logistician ; and a somali driver named billan were the msf workers who were killed . another member of the team was slightly wounded , the group said in a posting on its web site .
320	london , england -- cocaine-abusing celebrities are glamorizing the use of narcotics and encouraging more young people to use illegal substances , the united nations drug control agency has warned . model kate moss faced allegations of cocaine use in 2005 but was never charged for over the claims . the annual report from the international narcotics control board warns that treating stars `` leniently '' by allowing them to get away with drug crimes undermines faith in the criminal justice system and has a damaging effect on adolescents .
321	-lrb- cnn -rrb- -- whoever killed six people in a memphis , tennessee , home may still be on the loose , police said tuesday . they asked the community for help in solving the slayings . police found six people -- two men , two women and two boys -- dead in a home in a north memphis neighborhood monday , said memphis police lt.
322	jacksonville , north carolina -lrb- cnn -rrb- -- christina laurean has told authorities she was attending a christmas party on the night her husband allegedly killed pregnant marine lance cpl. also , an affidavit obtained thursday by cnn states that christina laurean knew about the death one day before reporting it to authorities . according to the affidavit , christina laurean , 25 -- who also is a marine -- went with her husband to a jacksonville attorney on january 10 , and the lawyer told cesar laurean he could face the death penalty .
323	-lrb- cnn -rrb- -- a bus carrying members of a marine corps reserve unit overturned at an alabama military base sunday , leaving 23 marines injured , four of them critically , the military said in a news release . a bus overturned sunday in alabama , injuring 23 marines , the military said . the passengers , members of e company , anti-terrorism battalion , 4th marine division , had been taking part in a training exercise at fort rucker , an army post outside ozark , alabama .
324	new delhi , india -- police covered up the murder of a british teenage girl in goa last month to protect the tourist industry , a state minister and local media said monday . officers had initially said scarlett keeling had drowned on anjuna beach after taking drugs , but changed their story when the 15-year-old 's mother protested and a second autopsy suggested she had been raped and murdered . keeling 's mother said she also believed police were trying to cover up the truth behind her daughter 's murder , and that they had arrested samson d'souza , 29 , to make it look like they were making progress in the case .
325	-lrb- cnn -rrb- -- despite the obvious claims of younger rivals cristiano ronaldo and lionel messi , few can really argue with the 96 football journalists who voted ricardo izecson dos santos leite as the 2007 world footballer of the year . the prestigious ballon d'or award is widely regarded as the most prestigious individual prize in football and kaka 's inclusion on its coveted roll of honor is a testament to the 25-year-old brazilian 's current standing in world football . when ac milan defeated liverpool in the champions league final in athens , avenging their heartbreaking loss to the same team in istanbul two years previously , it enabled kaka to fulfill his dream of holding aloft europe 's premier trophy -- a winner 's medal he fully deserved after a sublime 90-minute performance .
326	hillary clinton and barack obama each accused the other of borrowing portions of their presidential campaign speeches monday . the clinton campaign accused obama of borrowing from a close supporter , and the illinois senator responded by saying his own words have been used by clinton . on a conference call with reporters , clinton spokesman howard wolfson said it was clear obama had `` lifted rhetoric '' from massachusetts gov.
327	leah perry , who sent this photo of son bobby and dog rosie , thinks vick should not be allowed back on the field . the plea deal may include prison time , but the nfl has not yet decided what football sanctions , if any , it should impose on vick , a spokesman said . com readers whether they thought vick would -- or should -- play professional football again as well as their opinions on the case .
328	miami , florida -lrb- cnn -rrb- -- four men have been arrested in connection with the shooting death of nfl player sean taylor , authorities announced friday evening . police have more than one confession in the case and the individuals will be charged with murder , said robert parker , director of the miami-dade police department . taylor , 24 , died tuesday , a day after he was shot during an apparent burglary at his miami home .
329	colombo , sri lanka -lrb- reuters -rrb- -- humble woodcutter mohammed sultan nafeek 's teenage daughter moved to saudi arabia to work as a housemaid to support her family after they were displaced by the 2004 tsunami . rizana , who was 17 when she started work in saudi arabia , was convicted of killing a 4-month-old baby boy in her care just two weeks into her job . nafeek visited saudi arabia with sri lanka 's deputy foreign minister this month in a bid to secure clemency and met with relations of the dead child 's parents but came away empty handed .
330	from january 1 it will be illegal in france to smoke in cafes as well as clubs , casinos and hotels . france is extending its ban on smoking to include bars , discotheques , restaurants , hotels , casinos , as well as its fabled cafes . in a country renowned for its fondness for romance , smoking has never quite shaken off its romantic associations with smoky left bank cafes and waifish parisienne beauties clutching on a gauloises .
331	-lrb- cnn -rrb- -- the toddler whose body washed ashore in texas last month has been tentatively identified as a 2-year-old girl , and her mother and a man identified as her boyfriend were arrested saturday , the galveston county sheriff 's office said sunday . '' investigators believe the child they dubbed `` baby grace '' is actually 2-year-old riley ann sawyers , the galveston county sheriff 's office said sunday . the child 's mother , kimberly dawn trenor , 19 , and a man identified as royce clyde zeigler ii , 24 , were arrested saturday on charges of injuring a child and tampering with physical evidence , the sheriff 's department said .
332	miami , florida -lrb- cnn -rrb- -- four suspects indicted on murder and burglary charges in the slaying of washington redskins star sean taylor begin their journey through the courts on wednesday . as the shooter in the death of nfl star sean taylor . rivera has been indicted as an adult and judge john thornton found probable cause to support charges of first degree felony murder and burglary with assault or battery with a firearm .
333	london , england -lrb- cnn -rrb- -- leaving school at 16 is not normally the route to success . now his brand is behind more than 300 companies -- from cola to trains , from phones to planes making virgin a global name . cnn 's todd benjamin caught up with the billionaire in london and asked what drives him to create such a diverse enterprise .
334	larry craig , r-idaho , initially said he would resign at the end of september but then changed his mind . `` from the outset senator craig has maintained that he is innocent of any illegal conduct at the minneapolis airport , '' craig 's lawyer , billy martin , said in a written statement . '' in an interview sunday with boise , idaho , tv station ktvb , craig said `` we do n't know what the appellate court will say to me , '' according to the station 's web site .
335	eliot spitzer used a high-priced call-girl ring at least eight times in recent months , and agents had him under surveillance twice this year , sources familiar with the investigation said wednesday . watch spitzer say he will resign '' the sources said the investigation began when new york 's north fork bank notified the treasury department about suspicious transfers of money from spitzer 's bank accounts . that investigation led agents to the alleged organizers of the prostitution ring , four of whom were charged in a criminal complaint last week , the sources said .
336	-lrb- cnn -rrb- -- the presidents of sudan and chad signed a non-aggression agreement late thursday , aiming to halt cross-border hostilities between the two african nations . senegalese president abdoulaye wade facilitated the talks , and united nations secretary general ban ki-moon met with officials from both nations and witnessed the signing of the agreement at about 10 p. m. `` the idea is to get the governments of sudan and chad to normalize their relations with each other and to halt any action that would allow for the cross-border movement of rebel factions or armed factions of either side that could hurt the other country , '' said united nations spokesman farhan haq .
337	6 billion new terminal 5 on friday as part of the british airport 's rejuvenation plan to maintain its status as one of the world 's most important transport hubs . a general view of the new terminal 5 at heathrow airport prior to its official opening on friday . the british monarch , who also opened heathrow 's first passenger terminal in 1955 , was present under strict security a day after a man carrying a backpack was arrested for running onto a runway at the airport .
338	'' authorities were responding to a 9-1-1 call his mother made about a `` family dispute with a gun , '' police said . in the background of the call , played at a news conference tuesday , 18-year-old khiel coppin can be heard saying , `` i 've got a gun , i 've got a gun , '' new york police department deputy commissioner paul browne told cnn . the teen put an object under his shirt and told his mother around the time she phoned 9-1-1 that he was going to say he had a gun , said new york police commissioner raymond kelly .
339	london , england -- football will pay its tribute to the legend of manchester united 's busby babes on wednesday in moments of remembrance on the 50th anniversary of the munich air disaster . eight players lost their lives on february 6 , 1958 , when flight 609 zu crashed on the third attempt to take off after re-fuelling in germany as united returned from knocking red star belgrade out of the european cup . they and the other 15 people who lost their lives will be remembered with a commemorative service at old trafford while a short ceremony , organised by supporters , will also take place at the memorial site in kirchtrudering , on the outskirts of munich .
340	-lrb- cnn -rrb- -- the amazon rainforest is so vast and full of life that even its defenders do n't know exactly what it is they are protecting . in the past 40 years , roughly 20 percent of the amazon rainforest has been wiped out . '' the amazon rainforest , which encompasses an area nearly as large as the continental united states and stretches across nine countries , is considered the world 's richest and most varied natural habitat , with several million species of insects , plants , birds and fish calling it home .
341	-lrb- cnn -rrb- -- not only is sheikha lubna al qasimi the first woman to hold a ministerial post in the united arab emirates , the first female minister of economy in the gulf , and the first to start a middle eastern bb marketplace , but she 's also the first minister - anywhere in the world - to launch her own perfume line . member of sharjah royal family and one of forbes ' 100 most powerful women , sheikha lubna took the post of minister for economy and planning of united arab emirates in 2004 . as a result of tejari -lrb- arabic for commerce -rrb- 70 percent of dubai 's government purchases are made online , while only 30 percent of bureaucrats were web-literate before its launch .
342	and a secret known to missionaries everywhere is clearly in sway at the festival del sole in napa valley , which has just concluded its second year : bonding with the locals . see images from a maestro 's marriage in the vineyards of napa during this year 's festival del sole '' `` it 's a mission in my life to have more and more people enjoy and love the arts , '' wissman says in an interview sandwiched between denève 's presentation of the grieg piano concerto and prokofiev 's `` romeo and juliet '' suite with the russian national orchestra . watch highlights and comments from barrett wissman and the artists of festival del sole '' `` one of the reasons that we have these festivals -- engage local communities and have music , literature , art , film , cuisine , wine , all these subjects -- is we attract different people who like each one .
343	washington -lrb- cnn -rrb- -- the united states imposed stiff sanctions against iran on thursday , targeting two iranian military groups and a number of iranian banks and people it accuses of backing nuclear proliferation and terror-related activities . rice accused iran of `` pursuing nuclear technologies that can lead to a nuclear weapon ; building dangerous ballistic missiles ; supporting shia militants in iraq and terrorists in iraq , afghanistan , lebanon and the palestinian territories ; and denying the existence of a fellow member of the united nations , threatening to wipe israel off the map . '' the united states also designated three iranian state-owned banks for sanctions , two of them `` for their involvement in proliferation activities '' and the other `` as a terrorist financier , '' rice said .
344	-lrb- cnn -rrb- -- myanmar 's pro-democracy leader aung san suu kyi is `` ready to cooperate '' with the government and is committed to pursuing a dialogue with the ruling junta , according to a statement the united nations ' special envoy to myanmar read thursday on her behalf . `` it is my duty to give constant and serious considerations to the interests and opinions of as broad a range of political organizations and forces as possible , '' ibrahim gambari said , reading the statement from suu kyi . on friday suu kyi was able to meet with three executive members of her national league for democracy and a party spokesman -- the first time they have met in more than three years .
345	editor 's note : in our behind the scenes series , cnn correspondents share their experiences in covering news and analyze the stories behind the events . baghdad , iraq -lrb- cnn -rrb- -- the pain here is choking -- it 's a dark , suffocating sorrow . he had multiple bullet wounds and his eyes had been gouged out , '' one woman tells me , forcefully twisting a tissue in her hands as if it somehow could ease her agony and erase the chilling memory .
346	london , england -lrb- cnn -rrb- -- fantasy author terry pratchett has admitted that he has been diagnosed with a rare form of alzheimer 's disease -- but says he plans to continue writing his multi-million selling discworld books . pratchett , 59 -- whose books have , according to his web site , sold more than 45 million copies worldwide in 33 languages -- suffered what he called a `` phantom stroke '' earlier this year . in a statement titled `` an embuggerance '' on the web site of discworld illustrator paul kidby , pratchett says that he has been diagnosed with what he terms `` a very rare form of early onset alzheimer 's .
347	panama city , panama -lrb- cnn -rrb- -- the sole survivor of a plane crash that killed two americans and a panamanian pilot was awake and talking wednesday , a doctor said . francesca lewis , 13 , apparently fell out of the plane or was ejected on impact , her mother , valerie lewis , told cnn on wednesday . the girl endured two days in the rugged mountains of panama , in frigid temperatures and heavy rain , before rescuers stumbled upon her in the wreckage on christmas day .
348	7 magnitude earthquake rattled the north part of the country , killing at least two people , injuring dozens and destroying hundreds of homes . `` there are more than a thousand , 1,200 houses , at least , that were totally flattened , and others in bad shape , '' tocopilla mayor luis moyano said in an interview that aired on radio cooperativo . tocopilla , chile , north of santiago , is about 35 km -lrb- 21 miles -rrb- from the quake 's epicenter .
349	jacksonville , north carolina -lrb- cnn -rrb- -- police believe they have found the remains of a missing marine buried in the backyard of the prime suspect in the case and blood spatter evidence inside his home , authorities said friday evening . tests found the `` trace of violent activity in the house '' and `` evidence of an attempted cleanup , '' said onslow county sheriff ed brown . lauterbach , 20 -- who was eight months pregnant -- was reported missing from camp lejeune , north carolina , by her mother december 19 .
350	-lrb- cnn -rrb- -- the orgy of violence that has greeted kenya 's disputed election result has led to hundreds of deaths and forced tens of thousands to flee their homes . but away from the tragic human cost , the unrest has also provoked concerns about the stability of the east african country 's economy , until now seen as a model for the region . the equity market on the nairobi stock exchange lost 40 billion kenyan shillings -lrb- $ 591 million -rrb- in value on its first day of new year trading wednesday , the kenyan financial newspaper business daily africa reported .
351	islamabad , pakistan -lrb- cnn -rrb- -- pakistan election officials on monday disqualified opposition party leader and former former prime minister nawaz sharif from participating in january parliamentary elections . a spokesman for sharif 's pakistan muslim league told cnn monday that sharif had been barred by the election commission because of a previous criminal conviction . sharif filed paperwork for his candidacy last week , although he had left open the possibility that he would boycott the election in protest of a state of emergency imposed by president pervez musharraf .
352	paris , france -- ac milan 's brazilian midfielder kaka has been named european player of the year , lifting france football 's ballon d'or award . his success comes two years after his fellow countryman , barcelona 's ronaldinho , claimed the award . the 25-year-old kaka was a major factor in ac milan 's triumphant champions league campaign .
353	brussels , belgium -lrb- cnn -rrb- -- european leaders agreed friday to send an 1,800-strong security force to maintain stability in kosovo , although they stopped short of backing independence for the province . according to cnn 's robin oakley in brussels , european leaders are trying to balance an obvious readiness to back kosovan independence with incentives to serbia , which is seeking membership of the eu . although most eu leaders support serbia becoming a member state to boost stability in the balkans , french president nicholas sarkozy said that serbia 's membership is dependent on it recognizing kosovo 's independence and handing over war criminals .
354	los angeles , california -lrb- cnn -rrb- -- no charges will be brought against a 10-year-old boy accused of accidentally starting an october wildfire that scorched more than 38,000 acres north of los angeles , california , prosecutors announced tuesday . `` there is no evidence of intent on the part of the minor , '' the los angeles county district attorney 's office said in a written statement issued tuesday afternoon . the fire started october 21 in the agua dulce community north of los angeles .
355	washington -lrb- cnn -rrb- -- investigators with bomb-making components in their luggage and on their person were able to pass through security checkpoints at 19 u. the investigators reported that most of the time security officers followed transportation security administration policies and procedures , but investigators were able to take advantage of `` weaknesses in tsa procedures and other vulnerabilities . '' the investigators obtained the bomb-making components at local stores and over the internet for less than $ 150 , according to testimony .
356	-lrb- cnn -rrb- -- it was n't tibet 's subzero temperatures that nurse practitioner arlene samen found so chilling on a 1997 medical trip , but the haunting stories she was told about mothers and newborns on the brink of death after childbirth . e.a.r.t. `` when i came to tibet i heard of so many tragic stories of women dying -- no access to care in remote areas , no history of trained birth attendants , and no knowledge about pregnancy and childbirth , '' samen recalls . according to the world health organization , more than 500,000 women worldwide die each year as a result of complications during pregnancy and childbirth , and nearly 7 million babies are either born dead or die within 28 days of their life .
357	baghdad , iraq -lrb- cnn -rrb- -- iraqi forces detained the suspected leader of a terrorist cell network believed to be funded by saddam hussein 's eldest daughter , who is wanted by iraqi authorities on terrorism charges , the u. the network , believed to be funded by raghad hussein , has been `` linked to a series of attacks on coalition forces '' using rocket-propelled grenades and roadside bombs , the military said . the iraqi government has issued an arrest warrant for the 38-year-old daughter of the late iraqi leader on charges of inciting terrorism and crimes against life and health .
358	iraqi women mourn the death of their relative outside the morgue in the restive city of baquba , iraq , on march 12 . `` despite claims that the security situation has improved in recent months , the human rights situation is disastrous , '' amnesty international says in its report , titled `` carnage and despair : iraq five years on . the international committee of the red cross , in a report titled `` iraq : no let-up in the humanitarian crisis , '' writes , `` despite limited improvements in security in some areas , armed violence is still having a disastrous impact .
359	portsmouth , new hampshire -lrb- cnn -rrb- -- hillary clinton became visibly emotional at a new hampshire campaign event monday after a friendly question from a voter . at the close of a portsmouth campaign stop , marianne pernold-young , 64 , asked clinton : `` how do you do it ? then she added : `` it 's not easy , and i could n't do it if i just did n't , you know , passionately believe it was the right thing to do .
360	hillary clinton has spent the past few days saying she has the experience to change washington . barack obama in the new hampshire primary , with 39 percent of the vote to obama 's 37 . '' forty-three percent of self-styled independents said they voted for obama , and 31 percent said they backed clinton .
361	she 's an iraqi war veteran , among the first women in the united states to be classified as combat veterans . even though she 's been home from the war for more than 2 1/2 years , she 's now fighting another battle -- this one with depression , nightmares , sleeplessness and anger . women have made up about 11 percent of the military force in iraq and afghanistan in the past six years , according to the department of defense ; that 's an estimated 180,000 women in the war zone .
362	-lrb- cnn -rrb- -- investigators have found the bodies of three small children and the father who allegedly abducted them from their home in columbus , georgia , two weeks ago , the fbi said wednesday . `` it is my sad duty to report that deceased bodies of these children and eddie harrington were located this afternoon , '' said fbi special agent gerald green . watch the fbi say the bodies were in a car '' eddie harrington , 28 , whom police described as depressed , took the children march 5 , police said .
363	-lrb- cnn -rrb- -- kuwait 's leader dissolved parliament on wednesday and called for early elections , after the cabinet resigned this week following a power struggle with the government . the emir , sheikh sabah al-ahmad al-sabah , said he was forced to dissolve parliament to safeguard kuwait 's national unity , citing the fragile political situation in the region and his primary concern for internal security and stability . according to kuwait 's constitution , elections must be held within 60 days of dissolving parliament .
364	paris , france -- goals from juninho and sidney govou gave lyon a 2-0 home win over valenciennes and enabled the six-time champions to stay four points ahead at the top of the french league . brazilian midfielder juninho nudged in a karim benzema cross five minutes before the break and govou lobbed in the second three minutes from time . lyon , who are at home to german champions vfb stuttgart in the champions league group stage on wednesday , have 31 points from 13 matches .
365	n. secretary-general ban ki-moon is `` urgently dispatching '' a special envoy to myanmar , a statement from his office said wednesday , following reports of violent clashes in that country between security forces and protesters . `` he calls on the senior leadership of the country to cooperate fully with this mission in order to take advantage of the willingness of the united nations to assist in the process of a national reconciliation through dialogue , '' said a u. `` noting reports of the use of force and of arrests and beatings , the secretary-general calls again on authorities to exercise utmost restraint toward the peaceful demonstrations taking place , as such action can only undermine the prospects for peace , prosperity and stability in myanmar , '' ban 's statement said .
366	-lrb- cnn -rrb- -- steven spielberg led the fbi straight to a stolen $ 700,000 norman rockwell painting someone snatched from a missouri gallery . recovering masterpieces happens in less than 5 percent of cases , said bonnie magness-gardiner , the fbi 's art theft program manager . '' one london art dealer , who said he has handled stolen works , told cnn on condition of anonymity that an insurance company would rather get art back at a fraction of its original price than pay the owner its insured value .
367	-lrb- lifewire -rrb- -- colleen hiltbrunner spent two years researching her dream trip to south africa . '' hiltbrunner , of colorado springs , colorado , traveled to johannesburg in 2004 for a face-lift , upper arm lift and eyelid surgery . and she and her husband -- who had n't taken a vacation in 20 years -- went on a luxury safari , included in the package by medical-travel agency surgeon and safari .
368	mexico city , mexico -lrb- cnn -rrb- -- buses that carry women only are experiencing a smooth ride with passengers in mexico 's capital . a woman rides on a bus exclusively for female passengers last month in mexico city . '' the single-sex service , which started in january , is available on four major lines in the city , and it 's expected to expand to another 15 .
369	-lrb- cnn -rrb- -- danish authorities said tuesday they have arrested three people who allegedly were plotting a `` terror-related assassination '' of a cartoonist whose drawing of the prophet mohammed sparked rage in the muslim world two years ago . the danish security and intelligence service said police arrested a 40-year-old dane of moroccan origin and two tunisians . the target of the plot , the intelligence service said , was the cartoonist for the danish newspaper morgenavisen jullands-posten , which first published the controversial drawings in september 2005 .
370	-lrb- cnn -rrb- -- two graduate students were found shot to death thursday night in an apartment a block off the louisiana state university campus , officials said . a task force of lsu campus police and the baton rouge police department is investigating , university chancellor sean o'keefe said . watch o'keefe discuss `` a tragic situation '' '' o'keefe said campus police responded to a 911 call at 10:37 p.
371	atlanta , georgia -lrb- cnn -rrb- -- it was an image that got the nation talking : two giggling young women in oversized sunglasses robbing a bank . atlanta 's fbi field division topped los angeles in reporting the most bank heists , with 350 for the 12 months ending september 30 , 2007 , according to the fbi , which annually names areas most prone to bank robberies . just thursday , two suspects overpowered a security guard at an atlanta , georgia , bank , took his gun , robbed the bank and fled with money in hand , police said .
372	-lrb- cnn -rrb- -- scientists have discovered the remains of a rodent the size of a small car which used to forage the south american continent . the giant rat 's skull , which measures an impressive 53 centimeters in diameter was found by andrés rinderknecht and ernesto blanco , two scientists from montevideo , uruguay . by looking at the size ratios of the skulls and bodies of existing rodents , scientists determined the bodyweight of the rodent must have approached 1,000 kilograms or a ton , making it the world 's largest rodent to have been discovered to date .
373	islamabad , pakistan -lrb- cnn -rrb- -- rawalpindi 's police chief stopped doctors at the hospital where benazir bhutto died from conducting an autopsy , according to a lawyer on the hospital 's board . it was a violation of pakistani criminal law and prevented a medical conclusion about what killed the former prime minister , said athar minallah , who serves on the board that manages rawalpindi general hospital . however , the police chief involved , aziz saud , told cnn that he suggested an autopsy be done , but that bhutto 's husband objected .
374	los angeles , california -lrb- cnn -rrb- -- alex trebek , the long-time host of the popular television quiz show `` jeopardy , '' suffered a minor heart attack at his home monday night . alex trebek has hosted `` jeopardy! '' for 23 years . trebek , 67 , was recovering at a local hospital , and it was not clear when he would be released , a representative of the show said .
375	-lrb- cnn -rrb- -- disgraced former nfl star michael vick declared that `` i am not the bad person or the beast i 've been made out to be '' in a letter to a judge asking for leniency . michael vick wrote he was `` forever a changed man . '' `` i have been talked about and ridiculed on a day to day basis by people who really do n't know michael vick the human being .
376	-lrb- cnn -rrb- -- mohammed alshaya owns more high street brands than most fashion addicts could stuff in their closets . mohammed alshaya , ceo of alshaya 's retail division , tells mme he sees a new mindset in the gulf . john defterios spoke with mohammed alshaya , and started by asking him for his thoughts on the gulf cooperation council -lrb- gcc -rrb- plans for a single currency .
377	-lrb- cnn -rrb- -- debra lafave , a former florida middle school teacher convicted of having sex with a student , was arrested tuesday for `` inappropriate but non-sexual contact '' with a teenage coworker , the hillsborough county sheriff 's office said . the association violated the terms of lafave 's probation , which forbade her to have contact with anyone under 18 , the sheriff 's office said . lafave , 27 , pleaded guilty in november 2005 to having sex with a 14-year-old boy and was sentenced to three years under house arrest and seven years of probation .
378	macau , china -- pete sampras rolled back the years to upset current world number one roger federer in an exhibition match in macau on saturday . federer had one the two previous clashes in an asian series in straight sets but was handed a 7-6 6-4 defeat in the finale . american ace sampras downplayed his victory , noting federer was coming off a long season and that he was helped by his big serve and the fast indoor carpet surface .
379	dubai -lrb- cnn -rrb- -- a court in dubai sentenced two men wednesday to 15 years in prison for the rape and kidnapping of a 15-year-old french boy . robert , a french journalist , brought the case to the media 's attention in recent months in an effort to shed light on what she deemed to be injustices in the pro-western emirate of dubai . robert said wednesday 's sentence was too lenient for a crime that she believes is tantamount to attempted murder because one of her son 's attackers was knowingly hiv-positive at the time of the rape .
380	berlin , germany -lrb- cnn -rrb- -- jeffrey jamaleldine took a bullet to his chin that blew out much of his jaw and nearly killed him while deployed in iraq last year . the sacrifice is just part of his job , he says , and he 'd go back to iraq in a second if asked . bashir jamaleldine says his son is fighting an unjust war for an america that went too far when it invaded iraq five years ago -- a sentiment shared by the majority of germans .
381	mexico city , mexico -lrb- reuters -rrb- -- archaeologists have discovered what they think are ruins of an aztec pyramid razed by vengeful spanish conquerors in what is now one of mexico city 's most crime-ridden districts . construction workers unearthed ancient walls in the busy iztapalapa neighborhood in june , and government archeologists said wednesday they believe they may be part of the main pyramid of the aztec city , destroyed by conquistador hernan cortes in the 16th century . sanchez hopes he has found the city 's main pyramid just below the neighborhood 's central plaza and garden .
382	washington , illinois -lrb- cnn -rrb- -- ty ziegel peers from beneath his marine corps baseball cap , his once boyish face burned beyond recognition by a suicide bomber 's attack in iraq just three days before christmas 2004 . ziegel , a 25-year-old marine sergeant , knew the dangers of war when he was deployed for his second tour in iraq . many wounded veterans return home feeling that the va system , specifically its 62-year-old disability ratings system , has failed them .
383	columbia , south carolina -lrb- cnn -rrb- -- oprah winfrey delivered her `` favorite '' candidate in the presidential race something his campaign hoped for sunday : the largest crowd yet of any event in the race to ' 08 , according to the obama campaign . although exact figures were not immediately available , campaign officials estimated more than 30,000 people packed into columbia , south carolina 's williams-brice stadium to hear the talk-show queen explain why she believes obama is the man with the `` vision '' for america . south carolina is one of the first states in the nation to hold its presidential primary , making it key to the success of any presidential candidate .
384	washington -lrb- cnn -rrb- -- president bush vetoed an expansion of the federally funded , state-run health insurance program for poor children for a second time wednesday , telling congress the bill `` moves our country 's health care system in the wrong direction . the bill would have expanded the state children 's health insurance program by nearly $ 35 billion over five years , the same as the measure bush vetoed october 3 . track recent and historical presidential vetoes '' the president had proposed adding $ 5 billion to the program and said the version he vetoed would have encouraged families to leave the private insurance market for the federally funded , state-run program .
385	khartoum , sudan -lrb- cnn -rrb- -- hundreds of angry protesters , some waving ceremonial swords from trucks equipped with loud speakers , gathered friday outside the presidential palace to denounce a teacher whose class named a teddy bear `` mohammed '' -- some calling for her execution . the protesters , which witnesses said numbered close to 1,000 , swore to fight in the name of their prophet . gillian gibbons , 54 , was given 15 days in jail late thursday after she was convicted of insulting religion .
386	santiago , chile -lrb- reuters -rrb- -- chile called home its ambassador in peru on monday , as a dispute flared over disputed maritime territory between the south american neighbors . they have bickered over the rich pacific coast fishing waters for years , and peru published a new map on sunday that pushes its bid to negotiate a new sea border . chile 's government protested the move and said it was calling home its ambassador in peru , cristian barros , for consultations .
387	carl azuz , cnn student news anchor : thanks for checking out our latest summer edition of cnn student news , where today 's show , all about tech . a college professor has found a way for his students to listen to his lectures even when they 're not in the classroom . and we talk to students and experts to find out some of the ways technology is being used in schools .
388	khartoum , sudan -lrb- cnn -rrb- -- in an effort to shut down khartoum 's unity high school , a disgruntled former employee alerted sudanese officials that a british teacher had allowed her class to name a teddy bear `` mohammed , '' a british source and sudanese presidential palace source told time magazine 's sam dealey . the two sources said sarah khawad was fired as the school 's secretary in november after an employment spat and threatened to shut down the school . the sources said khawad did not appear to have a vendetta against gibbons , but hoped that by bringing the teddy bear incident to the education minister 's attention , he would close down the school for anti-islamic teachings .
389	algiers , algeria -lrb- cnn -rrb- -- rescuers are sifting through the rubble of the united nations headquarters in algiers hoping to find survivors after a powerful bomb ripped off the building 's facade and leveled nearby u. the death toll is unclear : the official government count is at least 26 , but hospital sources in algiers told cnn affiliate bfm-tv that 76 people were killed in the two blasts . algerian interior minister noureddine yazid zerhouni blamed a militant islamic group with ties to al qaeda for the attacks , which also targeted a building housing algeria 's constitutional council and supreme court .
390	-lrb- cnn -rrb- -- delta air lines and american airlines announced thursday the cancellations of hundreds of flights so the companies can conduct inspections on bundles of wires in some of their jets . a spokeswoman for delta earlier said 325 flights would be canceled thursday , but later said 275 flights were cut . the airline canceled 132 of its estimated 2,300 flights scheduled for thursday , wagner said , about 6 percent of the daily schedule .
391	s. air force f-15s escorted two russian bear long-range bombers out of an air exclusion zone off the coast of alaska , u. s. fighters from elmendorf air force base were dispatched to meet the bombers and escorted them out of the area without incident , the officials said . the united states maintains the air exclusion zone off the coast of alaska , barring unidentified aircraft or aircraft that do n't file flight plans inside that area .
392	a crew member of the alaska ranger is taken on board the coast guard cutter munro . the seattle , washington-based alaska ranger was in 10-foot seas and winds of 30 to 35 miles per hour when it reported water was leaking into its steering gear compartment about 2:50 a. the trawler had 47 people on board , said chief petty officer barry lane , a coast guard spokesman .
393	efraim diveroli , 22 , is doing his `` patriotic '' duty as an arms dealer , his grandfather says . what he got instead is a 22-year-old international arms dealer who faces a congressional inquiry for allegedly selling old chinese ammunition to the u. the papers also reveal the company struck it big in 2007 with contracts totaling more than $ 200 million to supply ammunition , assault rifles and other weapons to the afghan national army and police .
394	yellowstone national park , montana -lrb- cnn -rrb- -- the gray wolf was officially removed from the endangered species act 's `` threatened '' list friday after three decades -- a decision that has stoked controversy among environmentalists and ranchers . the government delisted the wolves -- which were eliminated from yellowstone decades ago before being reintroduced in the 1990s -- because they are now thriving in the park that is dominated by bison , elk and bighorn sheep . `` they 're back here in the northern rockies ; they 're back here in yellowstone , '' said doug smith , a biologist for the national park service in yellowstone .
395	-lrb- cnn -rrb- -- a man who is accused of trying to board an air jamaica flight at orlando international airport with apparent bomb-making materials was taken into custody tuesday . '' officials said kevin brown , a jamaican national , was acting strangely and caught the attention of an air safety officer at the florida airport . the bureau said brown , who is in his early 30s , had baggage that concealed two galvanized pipes , end caps , two containers of bbs , batteries , two containers with an unknown liquid , a laptop and bomb-making literature .
396	-lrb- cnn -rrb- -- the dalai lama friday rejected a series of allegations from the chinese government , saying he does not seek the separation of tibet and has no desire to `` sabotage '' the olympic games . issuing a statement while traveling in new delhi , india , the spiritual leader of tibetan buddhists called on china `` to exercise wisdom and to initiate a meaningful dialogue with the tibetan people . president bush said friday he `` urged restraint '' during a phone conversation with chinese president hu jintao earlier this week , and noted `` that it 's in his country 's interest '' for the government to have representatives `` sit down again with representatives of the dalai lama .
397	washington -lrb- cnn -rrb- -- four people said to have acted on behalf of the earth liberation front have been indicted on a charge of setting fire to an agriculture research building on the michigan state university campus more than eight years ago , authorities announced tuesday . three detroit , michigan , residents and a cincinnati , ohio , resident were named in conspiracy and arson counts for a fire at a campus facility that housed federally funded plant genetic research . officials said the december 31,1999 , fire on the east lansing campus caused more than $ 1 million in damage to facilities and the loss of research records .
398	-lrb- cnn -rrb- -- bolivian president evo morales plans to sign legislation friday scheduling a may 4 referendum on a new constitution , the bolivian information agency reported . bolivians celebrate thursday in la paz after congress decides to call for a referendum on a new constitution . the proposed constitution would strengthen the country 's indigenous majority but has faced fierce opposition from nonindigenous bolivians , including those in four provinces whose governors have declared autonomy .
399	havana , cuba -lrb- cnn -rrb- -- cuban president raul castro is taking over leadership of a country whose government believes its citizens are not working hard enough . watch a report on the realities in cuba '' `` there is a strong desire to protect and to gradually increase the incomes and savings of the population , particularly of those least favored , '' said raul castro , 76 . '' see cuba through i-reporters ' eyes '' the new president , who took the reins of power sunday from his ailing brother , fidel , 81 , has said the country must become more productive .
400	-lrb- cnn -rrb- -- an a380 superjumbo bound for sydney came loose from a tow truck and partially rolled onto grass at singapore airport . no-one was injured in the incident involving the world 's biggest airliner , a singapore airlines spokesman said , but passengers were taken off so the plane could be repositioned and inspected for any damage . a truck being used to push back the plane in preparation for the flight `` experienced some form of failure '' causing it disconnect from the aircraft , a singapore airlines spokesman said .
401	miami ranks as the worst city for most aggressive drivers for the second straight year in a nationwide study of driver habits followed by new york , boston , los angeles and washington . but if road rage is a `` cultural phenomenon '' as one of our experts suggests , how best do we go about combating driver frustration across the nation ? the nation 's roads are peppered with traffic black spots , junctions where car snarls elicit road rage in even the most mild-mannered drivers .
402	a team found the gold necklace near lake titicaca in peru , according to the journal proceedings of the national academy of sciences . it 's 4,000 years old -- 600 years older than any other gold jewelry discovered in the western hemisphere . the anthropologist who discovered the gold , mark aldenderfer , told cnn on tuesday night that he sensed the importance of his find after noticing a glint while excavating a site with human remains .
403	chattanooga , tennessee -lrb- cnn -rrb- -- when meeting jeff donohoo , it 's not immediately apparent he is a 36-year-old man living with autism . `` since they grew up with him , they just knew jeff was jeff , '' said nancy donohoo , his mother . '' but when friends started to notice donohoo was different , nancy donohoo was quick to explain to a group of 10-year-olds why .
404	cairo , egypt -lrb- cnn -rrb- -- omar bin laden has a message for his father , osama : `` find another way . omar bin laden , who works as a contractor , said he is talking publicly because he wants an end to the violence his father has inspired -- violence that has killed innocent civilians in a spate of attacks around the world , including those of september 11 , 2001 . watch whether omar bin laden thinks his father will ever be caught '' he said he has n't spoken to his father since 2000 , when he walked away from an al qaeda training camp in afghanistan with his father 's blessings .
405	washington -lrb- reuters -rrb- -- the democratic-led congress yielded to president bush on saturday and approved legislation to temporarily expand government 's power to conduct electronic surveillance without a court order in tracking foreign suspects . but the house of representatives gave its concurrence to the bill , 227-183 , a day after it won senate approval , 60-28 . `` after months of prodding by house republicans , congress has finally closed the terrorist loophole in our surveillance law -- and america will be the safer for it , '' declared house minority leader john boehner , an ohio republican .
406	-lrb- aol autos -rrb- -- okay , you 've decided what model of car you want to buy . the list of `` extras '' offered by most dealers , may include paint sealant , fabric protection/leather care , extended warranties , extended ` one price ' service contracts , rust/underbody coatings and anti-theft systems , to mention a few . `` i think that most paint jobs on cars are pretty good these days , so in most cases you probably do n't need that anymore , '' said bennett , who offered one caveat .
407	-lrb- cnn -rrb- -- a b-2 stealth bomber crashed early saturday morning local time in guam , according to the air force . a b-2 stealth bomber taxis at andersen air force base , guam , in a 2005 photo . two pilots who were aboard during the crash , at andersen air force base , ejected from the bomber and were in good condition afterward , according to an air force statement .
408	greencreek , idaho -lrb- cnn -rrb- -- it was just 2 1/2 years ago when elaine sonnen found out that her 16-year-old son , richard , had been planning a columbine-style attack at his high school . richard sonnen spent 16 months in mental health institutions after plotting to kill his high school classmates . it would be a fitting payback to his high school classmates who richard said relentlessly bullied him .
409	moscow , russia -lrb- cnn -rrb- -- a cult member who spent several months holed up in a cave with dozens of other people anticipating the end of the world claimed wednesday that two women died and were buried inside . the former cave-dweller , vitaly nedogon , relayed his claims to russian tv journalists , according to anton sharonov , a spokesman for the administration of penza , a region southeast of moscow . nedogon and others left the cave , said to be near the village of nikolskoye , about 700 kilometers -lrb- 435 miles -rrb- from the russian capital , about a week ago , after part of its ceiling collapsed .
410	-lrb- cnn -rrb- -- in a television interview , the mother of a man charged in the murder of an auburn university freshman repeatedly says she 's sorry about the suffering the victim 's family is enduring . courtney larrell lockhart was arrested friday in phenix city , alabama , about 35 miles from auburn . '' police announced saturday that they had arrested lockhart , 23 , of smiths , alabama , in connection with the shooting death of lauren burk , 18 , of marietta , georgia .
411	beijing , china -lrb- reuters -rrb- -- a chinese couple tried to name their baby '' @ , '' claiming the character used in e-mail addresses echoed their love for the child , an official trying to whip the national language into line said on thursday . the unusual name stands out especially in chinese , which has no alphabet and instead uses tens of thousands of multi-stroke characters to represent words . `` the whole world uses it to write e-mail , and translated into chinese it means ` love him ' , '' the father explained , according to the deputy chief of the state language commission li yuming .
412	-lrb- cnn -rrb- -- a leading humanitarian group says sunni and shiite militias in iraq are pulling displaced people into their movements because governments and international entities are failing to adequately address their plight . refugees international underscored that development in a report issued tuesday titled `` uprooted and unstable : meeting urgent humanitarian needs in iraq . '' the report says the united states , the government of iraq and the international community are n't doing enough to address the daily problems faced by the 2.
413	-lrb- cnn -rrb- -- presidential candidates have been wooing voters in iowa for months , but who wins thursday may simply come down to where the caucus-goers live , where they meet and the weather . iowa is a mixed bag politically , and one of the most evenly divided states in the nation . the central part of the state -- including industrial des moines -- is iowa 's most democratic area .
414	an international organization , the coca-cola company 's first soda fountain sales to canada and mexico were recorded in 1897 . the company entered china in 1927 and its 100th country -- sierra leone -- in 1957 . today , the coca-cola company is the world 's largest beverage company with the most extensive distribution system in the world , operating in more than 200 countries across the world .
415	los angeles , california -lrb- cnn -rrb- -- a 24-year-old gang member was arrested thursday in connection with a shooting at a los angeles bus stop in which eight people were wounded , city officials said . hines was apprehended thursday afternoon as he was walking down the street , about a half-mile from the scene of the shooting , police chief william bratton told reporters . hines will face 10 counts of attempted murder -- one for each of the eight victims , and two more for what authorities believe to be his two intended victims , who were still being sought thursday , bratton said .
416	6 billion new terminal 5 on friday as part of the british airport 's rejuvenation plan to maintain its status as one of the world 's most important transport hubs . a general view of the new terminal 5 at heathrow airport prior to its official opening on friday . the british monarch , who also opened heathrow 's first passenger terminal in 1955 , was present under strict security a day after a man carrying a backpack was arrested for running onto a runway at the airport .
417	washington -lrb- cnn -rrb- -- a man at the center of a mysterious case of exposure to the deadly biological agent ricin has been arrested , fbi spokesman richard kolko said wednesday . ricin was found in a room in this las vegas , nevada , extended-stay hotel in february , police say . bergendorff , 57 , was hospitalized with what was diagnosed as ricin exposure after the agent was discovered in his hotel room off the las vegas strip .
418	new york -lrb- cnn -rrb- -- the daughter of a man who died after falling four stories at shea stadium said her father was not sliding down the escalator when the accident happened , as police reported . a statement from the new york police department on tuesday said witnesses saw 36-year-old antonio nararainsami of brooklyn sitting on the banister of the escalator when he lost his balance and fell . nararainsami 's daughter , emily , told cnn affiliate wabc on tuesday that her father was walking down the escalator , not sliding on its banister , as fans left the stadium after the new york mets-washington nationals game .
419	lafayette , tennessee -lrb- cnn -rrb- -- james kruger was watching election results tuesday night in lafayette , tennessee , when a warning appeared on his tv screen : a tornado was headed straight toward his town . james kruger survived after tuesday night 's storm blew his house away above him in lafayette , tennessee . he put on sweat pants , grabbed a flashlight , drank a shot of whiskey , `` and then i heard this noise , '' kruger said thursday .
420	washington -lrb- cnn -rrb- -- pope benedict xvi on wednesday addressed issues ranging from the sex abuse scandal in the roman catholic church to the easy availability of pornography to the `` alarming decrease '' in catholic marriages in the united states . watch the pope address the issue '' `` it is vitally important that the vulnerable are always shielded from souls who would cause harm , '' he said . '' earlier wednesday , president bush , first lady laura bush and more than 13,500 spectators welcomed benedict in an elaborate ceremony on the south lawn of the white house .
421	moscow , russia -lrb- cnn -rrb- -- russian space officials say the crew of the soyuz space ship is resting after a rough ride back to earth . the craft carrying south korea 's first astronaut landed in northern kazakhstan on saturday , 260 miles -lrb- 418 kilometers -rrb- off its mark , they said . mission control spokesman valery lyndin said the condition of the crew -- south korean bioengineer yi so-yeon , american astronaut peggy whitson and russian flight engineer yuri malenchenko -- was satisfactory , though the three had been subjected to severe g-forces during the re-entry .
422	pittsburgh , pennsylvania -lrb- cnn -rrb- -- after a weekend of playing defense about his `` bitter '' comments , sen. hillary clinton for throwing back a shot of whiskey in front of tv crews over the weekend and said she must think she 's `` doing me a favor '' by attacking him and toughening him up for a fall race against republican sen. clinton has been hitting obama hard after he referred to some small-town pennsylvanians as `` bitter '' people who `` cling to guns and religion '' at a fund-raiser last week .
423	amsterdam , holland -- ajax lost ground on dutch league leaders psv eindhoven after being held to a 2-2 draw at vitesse arnhem on sunday . the amsterdam side led 2-1 with two goals in four minutes just after half-time from urby emanuelson and luis suarez following mads junker 's early opener , but harrie gommans rescued a draw . feyenoord were held 1-1 at home by groningen on sunday , with marcus berg putting the visitors on course for a 13th win of the season until an own goal by mark-jan fledderus on the stroke of half-time gave the rotterdam side a point .
424	london , england -lrb- cnn -rrb- -- heather mills presented `` less than candid '' testimony about her life with former beatle paul mccartney during her divorce case and made more money during their marriage than before , according to a ruling released tuesday . mills represented herself during the proceedings and was a `` less than impressive witness '' on her own behalf , judge hugh bennett wrote in awarding her # 24. 6 million -rrb- -- far less than the # 125 million she had sought from mccartney in the dissolution of their four-year marriage .
425	atlanta , georgia -lrb- cnn -rrb- -- a georgia military contractor tricked law enforcement agencies into buying faulty stun grenades , ultimately leaving three fbi agents injured , federal prosecutors announced monday . `` flash-bang '' grenades were relabeled and sold to police after the navy deemed them faulty , an indictment says . the company also mixed defective grenades with others that had been fixed `` to camouflage the defective devices from receiving personnel '' at the fbi , the indictment says .
426	7 million in defense contracts over the last decade to companies owned by leaders of warren jeffs ' polygamous sect , with tens of thousands allegedly winding its way back to jeffs and his church . cnn has learned that between 1998 and 2007 , the united states air force and defense logistics agency purchased more than $ 1. 7 million worth of airplane parts from three companies owned by members of the fundamentalist church of jesus christ of latter-day saints , which practices polygamy .
427	jakarta , indonesia -lrb- cnn -rrb- -- an indonesian court has sentenced the alleged military commander of an al qaeda-linked terror network to 15 years in prison . abu dujana is the alleged leader of the military wing of jemaah islamiyah , a group that is thought to be linked to al qaeda . dujana , a slight , wiry man , is accused of direct involvement in the bali nightclub bombings of 2002 that killed more than 200 , mostly western , tourists .
428	-lrb- cnn -rrb- -- a lonely planet author says he plagiarized or made up portions of the popular travel guidebooks and dealt drugs to supplement poor pay , an australian newspaper reported sunday . lonely planet publishes more than 500 titles and employs 300 authors , according to its web site . thomas kohnstamm , who has written a book on his misadventures , also said he did n't travel to colombia to write the guidebook on the country because `` they did n't pay me enough , '' the daily telegraph reported .
429	seoul , south korea -lrb- cnn -rrb- -- the chairman of the samsung group plans to resign , according to a report published tuesday by yonhap , the south korean news agency . chairman of the samsung group lee kun-hee has been indicted for tax evasion and breach of trust . it has annual sales of nearly $ 160 billion and accounts for 18 percent of south korea 's economic output .
430	-lrb- cnn -rrb- -- it 's been 30,000 years since neanderthals walked the earth , but now we can hear what they sounded like , according to a florida anthropologist . neanderthal man apparently sounded like a frog croaking or a human burping when talking . robert mccarthy of florida atlantic university in boca raton reconstructed neanderthal vocal tracts to simulate their voice with a computer synthesizer .
431	-lrb- this old house -rrb- -- unless you 're a perfect caretaker of your lawn -lrb- and , really , who is ? but you 'll face more stealthy opponents , too : root-chomping grubs and microscopic mildew that turn the grass from green to gray or brown . that means giving it up to an inch and a half of water per week ; aerating and dethatching annually so water and nutrients can get down to the roots ; mowing with a sharp blade to the right height -lrb- ask your local garden center what 's best where you live -rrb- ; and fertilizing in spring and fall .
432	ip-455 press release 8 february 2008 the findings of a scotland yard inquiry into how mohtarma benazir bhutto died after being attacked during a political rally in rawalpindi were presented to the government of pakistan today . on the 27th december 2007 , mohtarma benazir bhutto , the leader of the pakistan people 's party -lrb- ppp -rrb- , died as a result of being attacked in rawalpindi , pakistan . following discussions between the prime minister and president musharraf , it was agreed that officers from the metropolitan police counter terrorism command -lrb- so15 -rrb- should support the investigation into ms bhutto 's death .
433	washington -lrb- cnn -rrb- -- a pair of tornadoes struck suburban washington on sunday , mangling trees and stripping siding off several homes , the national weather service confirmed . charles , maryland -- about 30 miles south of washington -- just after 2 p. a second tornado followed about 30 minutes later outside hyattsville , maryland -- about 10 miles northeast of the capital .
434	-lrb- cnn -rrb- -- storms that killed two people in northern georgia spread saturday night into south carolina , where possible tornadoes downed trees , blew roofs off homes and broke power lines , weather forecasters said . there was heavy damage in prosperity , south carolina , where residents reported seeing a tornado touch down , said newberry county sheriff 's capt. about 56,000 customers remained without power sunday morning after storms swept through savannah knocking out power while the coastal georgia city was in the midst of its st.
435	s. military in japan has charged a marine with rape and other violations of the uniform code of military justice in the alleged sexual assault of 14-year old girl in okinawa . tyrone luther hadnott , 38 , has been charged with the rape of a child under 16 , abusive sexual contact with a child , making a false official statement , adultery and kidnapping , the marines said friday . in february , japanese authorities released hadnott after the girl dropped the allegations against him , but the marine corps conducted its own investigation to see if hadnott violated codes of military justice .
436	germany -- germany striker kevin kuranyi fired schalke up to joint second in the bundesliga , while bayern munich have a golden chance to put one hand on the league title if they beat stuttgart on sunday . kuranyi 's 15th league goal of the season -- after just two minutes -- gave schalke the three points with a 1-0 win in hamburg to go level on 54 points with werder bremen , who shared a thrilling 3-3 draw at karlsruhe . a bayern win will send them 12-points clear with a vastly superior goal difference and only a mathematical miracle would prevent them being crowned german champions for the 21st time .
437	clinton was asked whether his remarks comparing obama 's strong showing in south carolina to that of jesse jackson in 1988 had been a mistake given their impact on his wife sen. `` no , i think that they played the race card on me , '' said clinton , `` and we now know from memos from the campaign and everything that they planned to do it all along . '' watch bill clinton respond to controversy '' but outside a pittsburgh campaign event tuesday , a reporter asked clinton what he had meant `` when you said the obama campaign was playing the race card on you ?
438	baghdad , iraq -lrb- cnn -rrb- -- an iraqi report on last month 's shootings involving security contractor blackwater usa called the incident `` pre-meditated murder '' and is calling for $ 8 million in compensation for each of the 17 iraqis who died , a senior iraqi government official said monday . the results of the iraqi investigation into the shootings is complete and will be presented to prime minister nuri al-maliki 's government for review , the official said . iraqi government spokesman ali al-dabbagh said sunday that the iraqi commission investigating the shootings has accused the company 's guards of firing indiscriminately and without provocation on citizens and violating the rights of iraqis .
439	kampala , uganda -lrb- cnn -rrb- -- a fight between ugandan and libyan presidential guards sparked chaos during a ceremony attended by the heads of state from 11 african nations on wednesday . several of the guards to the visiting heads of state from kenya , tanzania , burundi , rwanda , mali , somalia , sudan and djibouti sustained serious injuries in the fight , which included punches , kicks and the drawing of guns . minutes after libyan leader moammar gadhafi and his host , ugandan president yoweri museveni , jointly unveiled a plaque to mark the event , the libyan guards pushed away the guards of other delegations at the mosque 's entrance .
440	karbala , iraq -lrb- cnn -rrb- -- a female suicide bomber apparently targeting shiite worshippers killed at least 40 people and wounded at least 65 in karbala on monday , according to an interior ministry official . earlier monday , in baghdad , a roadside bomb exploded near an iraqi police patrol , killing one officer and wounding another , the interior ministry told cnn . a short time later , another roadside bomb exploded near an iraqi police patrol on palestine street in eastern baghdad , wounding four bystanders , a ministry official said .
441	s. soldiers died in a roadside bombing in iraq on sunday , military officials reported , bringing the american toll in the 5-year-old war to the grim milestone of 4,000 deaths . troops emerge from a bunker after receiving the `` all clear '' sunday following a truck bombing in mosul . the four were killed when their vehicle was hit by an improvised explosive device while patrolling a neighborhood in southern baghdad , the u.
442	-lrb- this old house -rrb- -- unless you 're a perfect caretaker of your lawn -lrb- and , really , who is ? but you 'll face more stealthy opponents , too : root-chomping grubs and microscopic mildew that turn the grass from green to gray or brown . that means giving it up to an inch and a half of water per week ; aerating and dethatching annually so water and nutrients can get down to the roots ; mowing with a sharp blade to the right height -lrb- ask your local garden center what 's best where you live -rrb- ; and fertilizing in spring and fall .
443	just 14-years-old and standing less than five feet tall , the elfin romanian was the undisputed star of that year 's games in montreal after becoming the first gymnast in history to score a perfect 10 . comaneci finished up with three gold medals and -- just to prove that her initial effort had been no fluke -- seven perfect scores . comaneci finished with four perfect 10s and the gold medal on the bars , but it was on the balance beam , one of gymnastics ' most dangerous disciplines , that comaneci truly dazzled .
444	the answer could come this weekend when video game enthusiasts find out whether `` grand theft auto iv , '' expected to set sales records in the gaming world this week , will steal glory and revenue from a different entertainment empire : the movies . as the hype for `` gta iv '' continues to grow and reviews scream perfection , some speculate that the game will put a dent in marvel studios ' opening weekend box office for `` iron man . see what makes this violent game so popular '' edward woo , a research analyst specializing in media and interactive entertainment at wedbush morgan securities , said the game 's release date and widespread reach could negatively affect opening box office numbers for `` iron man .
445	anaheim , california -lrb- cnn -rrb- -- as he fixes a broken sliding glass door at an apartment in anaheim , california , eduardo gutierrez worries about his parents in mexico . eduardo gutierrez ca n't send money back to his parents in mexico due to rising costs and less work . `` i kind of feel bad that i ca n't help my parents , '' said gutierrez , a legal immigrant who has worked in the united states for 20 years .
446	-lrb- cnn -rrb- -- one of the telephone numbers used to report claims of abuse at a polygamist sect 's texas ranch was previously associated with a colorado woman whom authorities have named a `` person of interest , '' a court document says . the telephone calls in late march prompted authorities to raid the yearning for zion -lrb- yfz -rrb- ranch in eldorado , texas , where 437 children were removed . '' watch how a hoax may be behind the ranch mystery '' calls were made to a texas family shelter march 29 and 30 from a female identifying herself as sarah barlow , the affidavit says .
447	-lrb- cnn -rrb- -- the most compelling action during michigan 's primary tuesday will be on the republican side . the democratic party has stripped the state of its delegates for moving up its primary date so early , and top-tier democratic candidates have taken their names off the ballot , except for sen. john mccain won new hampshire with the help of independent voters , and he is campaigning hard to re-create that success in michigan .
448	-lrb- cnn -rrb- -- a former police officer convicted of murdering his girlfriend and their unborn child tearfully apologized to her family monday in front of the jury that will decide whether he lives or dies . '' cutts was convicted on february 15 of the murder of girlfriend jessie marie davis and the aggravated murder of the unborn girl davis had planned to name chloe . '' watch cutts ' tearful apology '' he thanked davis ' family for taking care of the other child he had with davis .
449	boston , massachusetts -lrb- cnn -rrb- -- it all started with the flush of an automatic toilet . '' teres , the mother of three from andover , massachusetts , hoped her middle child would be toilet trained by the time she was 2 1/2 . '' at wits end , teres enrolled molly in the toilet training school at children 's hospital boston .
450	-lrb- cnn -rrb- -- some democrats say they fear their party 's method of picking a nominee might turn undemocratic as neither presidential candidate is likely to gather the delegates needed for the nomination . hillary clinton and barack obama are running neck and neck toward the party 's august convention in denver , colorado . party rules call for the votes of superdelegates -- 800 or so party officers , elected officials and activists -- to tip the balance .
451	the 36-year-old chose australia day to make his decision public , coming at the end of the third day of the fourth and final test against india in adelaide . gilchrist said he would retire from tests at the end of the current match , and then hang up his gloves in one-day internationals after the upcoming tri-series with sri lanka and india . `` it is with great pride and happiness that i make the decision to retire from tests and one-day internationals , '' he said in a statement on saturday .
452	bogota , colombia -lrb- cnn -rrb- -- colombian police have killed a drug trafficker who the government says is one of the most sought-after fugitive outside the country 's rebel leaders . victor manuel mejia munera and two bodyguards were killed tuesday when police tracked them down on a farm in the northwestern province of antioquia , according to a statement on the colombian presidency web site . the leftist guerilla group , which goes by its spanish acronym farc , holds about 750 hostages in the jungles of colombia and has justified hostage-taking as a legitimate military tactic in a long-running civil war involving government forces , drug traffickers and right-wing paramilitaries .
453	rome , italy -- captain javier zanetti saved inter milan 's unbeaten serie a record as he rifled home a stunning late volley to earn a 1-1 draw against second-placed roma at the san siro on wednesday . zanetti celebrates his late strike as inter retained their unbeaten serie a record with a 1-1 draw against roma . roma captain francesco totti had given the visitors a deserved first-half leadbut zanetti 's strike two minutes from time maintained inter 's nine-point lead at the top .
454	glasgow , scotland -- jean-claude darcheville and nacho novo both scored twice to fire leaders rangers to a 4-0 win at hearts , their 10th consecutive scottish premier league victory . jean-claude darcheville scored two first-half goals as rangers cruised to a 4-0 victory at hearts . hearts found themselves ripped apart by a rampant rangers side , who sent out a clear message to rivals celtic by maintaining their four-point advantage at the summit .
455	-lrb- cnn -rrb- -- rescue teams on friday found the wreckage of a plane that crashed thursday night in the mountains of venezuela , but none of the 46 people aboard survived , a searcher said . witnesses saw the santa barbara airlines plane go down , according to antonio rivero , venezuela 's national director of civil protection . nelson marquez , chief of civil defense for merida , said the plane was carrying 43 passengers and three crew members .
456	-lrb- cnn -rrb- -- two anti-whaling activists who were seized by a japanese whaling vessel two days ago have been handed over to australian government officials on a ship in the antarctic , japan 's ministry of foreign affairs announced thursday . the anti-whaling group accused the crew of the japanese vessel of kidnapping the men based on a video that showed potts and lane tied to the ship 's railing . smith said the japanese government -- which formally approached australia to assist in the transfer -- did not lay out any conditions for the transfer , in which the men were brought on board the australian ship , the oceanic viking .
457	-lrb- cnn -rrb- -- a man dressed as a priest caught at amsterdam 's airport with three kilos of cocaine under his vestments claimed to police that his packages contained `` holy sand '' , dutch police said . police stopped the man at amsterdam 's schiphol airport as he was transiting on a flight from south america , robert van aapel , a spokesman for the dutch royal military police told cnn by phone saturday . he said the man , who is aged around 40 and a bolivian national , was arrested thursday after arriving in to the airport on a flight from lima , peru .
458	'' hanson waited more than eight hours outside a woodbury , minnesota , video game store on monday evening to be the first in his town to buy one of the most anticipated video games in history -- `` halo 3 . '' watch hanson buying the game amid cheers '' the final chapter in microsoft 's acclaimed video game series hit shelves at the stroke of midnight monday in similar stores across the nation . the xbox 360 game is expected to shatter entertainment sales records within its first 24 hours of release .
459	-lrb- cnn -rrb- -- ever find yourself struggling to craft the perfect sentence for a loved one who 's , um , serving a sentence ? terrye cheathem has created a line of greeting cards geared toward prison inmates . a los angeles , california , lawyer has come up with a series of cards geared toward prison inmates , a rapidly growing segment of the u.
460	com -rrb- -- how many closets does it take to make a `` desperate housewife '' happy ? just one , if it 's anything like parker 's . we got a guided tour -- and learned a lot more about the fashion-savvy star than her taste in shoes .
461	odierno has been home from iraq for only a couple of months but has agreed to return , gates said . the plan is for petraeus to leave iraq in late summer or early fall , gates said , to ensure a smooth transition and plenty of time for odierno to prepare . watch the challenges ahead of petraeus '' gates said the generals ' promotions reflected an endorsement of the current course in iraq .
462	-lrb- cnn -rrb- -- a man , incensed that a 6-year-old girl chose to walk through a path reserved for upper caste villagers , pushed her into burning embers , police in north india said wednesday . the girl is a dalit , or an `` untouchable , '' according to india 's traditional caste system . the girl was walking with her mother down a path in the city of mathura when she was accosted by a man in his late teens , said police superintendent r.
463	s. troops were killed in iraq on monday , making 2007 the deadliest for the american military in the iraq war . the grim record came despite lower death rates in recent months , which were not enough to offset death tolls that topped 100 during three months in the spring . s. military deaths in iraq stands at 3,856 , including seven civilian contractors of the defense department .
464	greensburg , kansas -lrb- cnn -rrb- -- there are still piles of bricks and rubble on countless streets in greensburg , kansas , a year after a tornado demolished more than 90 percent of the town . on may 4 , 2007 , a ferocious twister blasted greensburg , kansas , killing 11 people in the town of 1,400 . yet what is happening in the city 's rebuilding process may not only re-invent greensburg but provide a model for `` green '' building everywhere .
465	johannesburg , south africa -lrb- cnn -rrb- -- white students at a south african university tricked black residence hall workers into eating stew containing urine , prompting a march wednesday in which five people were arrested , university officials said . the white students made a video of the incident , which they staged in reaction to the university 's efforts to integrate its residences , according to a statement from the university of the free state . in the video , white male students at reitz residence are seen encouraging at least three black female housekeepers to participate in what the students call the `` reitz fear factor , '' an apparent reference to the television show in which contestants eat live worms or compete in other feats .
466	dubbed the `` doomsday vault , '' the seed bank on a remote island near the arctic ocean is considered the ultimate safety net for the world 's seed collections , protecting them from a wide range of threats including war , natural disasters , lack of funding or simply poor agricultural management . norwegian musicians performed tuesday as part of an elaborate opening ceremony marking the opening of the vault , located 130 meters -lrb- 427 feet -rrb- inside a frozen mountain . 5 million distinct samples of seeds -- or some 2 billion seeds in total -- encompassing almost every variety of most important food crops in the world , the global crop diversity trust said .
467	-lrb- cnn -rrb- -- police have arrested a man in the killing of auburn university freshman lauren burk , who died this week , according to the auburn , alabama , assistant police chief . courtney larrell lockhart , 23 , of smiths , alabama , is charged with capital murder during a kidnapping , capital murder during a robbery , and capital murder during an attempted rape , tommy dawson said saturday . burk , 18 , from marietta , georgia , was found shot on north college street , a few miles north of campus , on tuesday night .
468	-lrb- cnn -rrb- -- a tornado swept through parts of tupelo , mississippi , on thursday , damaging trees , power lines and overturning a 18-wheel truck , a law enforcement official said . `` just a little earlier this morning , we began to get reports of damage starting from the west side of tupelo , '' said chief deputy john hall of the lee county sheriff 's department . watch as a tupelo resident describes the storm '' jeff snyder , general manager for the mall at barnes crossing , said the shopping center sustained `` minor property damage .
469	-lrb- cnn -rrb- -- one thing saudi people should not have to worry about is money . last year alone , saudi is estimated to have raked in about $ 200 billion from oil . it is this influx of money which is paying for saudi arabia 's economic growth -- but it is also the main cause of rising prices across the country .
470	barack obama said thursday that the most important thing he could achieve as president would be to deal with iraq and the threat of al qaeda in afghanistan while improving `` our influence around the world . in his first interview since the north carolina and indiana primaries , obama said he thinks the united states ' influence around the world has been diminishing . '' watch the full interview with obama '' obama said he thinks the way the war in iraq has been handled has kept the united states from focusing on key issues like energy policy , global warming and the economy .
471	-lrb- cnn -rrb- -- battling blustery weather , a lufthansa airlines flight scraped its wing on the ground during a landing attempt in hamburg , germany , over the weekend . dramatic amateur video of the incident that appeared on the internet showed the airbus a320 teetering as it tried to land during the brutal winter storm on saturday . watch the plane try to land as a passenger describes experience '' `` as we were about to touch down , a gust of wind pressed the left wing towards the ground , '' a lufthansa pilot identified only as oliver a.
472	-lrb- cnn -rrb- -- five young men died saturday when the car they were in drove off the end of a private airstrip near ocala , florida , became airborne for 200 feet and slammed into an oak tree , authorities said . `` this had to be the worst vehicle crash that i have ever seen during my career , '' said randy robinson , a spokesman for the emergency medical services alliance with 27 years on the job . he told cnn the victims -- 18 to 20 years old and all from the area -- were declared dead at the scene .
473	-lrb- cnn -rrb- -- a dutch tourist says she recently spotted missing 4-year-old madeleine mccann at a french restaurant near montpellier , mccann family spokesman clarence mitchell said wednesday . the tourist said she recognized madeleine from the many media reports about the child 's may 3 disappearance and may have even seen the well-publicized defect in the little girl 's eye , mitchell said . mitchell explains how the sighting came about '' but the associated press , quoting an unnamed police official , is reporting that investigators have determined it was not the missing child .
474	-lrb- cnn -rrb- -- an explosion destroyed a home in suburban pittsburgh on wednesday , killing an elderly man and severely injuring his grandchild , authorities said . a house exploded wednesday , killng one person and injuring a second , in the pennsylvania borough of plum . `` the little girl was apparently in the house when the explosion happened and was blown outside , '' heiser said .
475	-lrb- cnn -rrb- -- nicaragua president daniel ortega said thursday that the nation is breaking relations with colombia `` in solidarity with the ecuadoran people . since that attack , ecuador has broken off relations with colombia , and venezuela says it has moved troops to its border with colombia . farc is estimated to be holding at least 700 hostages in the jungles of colombia and has been accused by the united states of being a terrorist organization .
476	london , england -lrb- cnn -rrb- -- the united nations ' anti-drugs chief has denounced celebrities such as pop star amy winehouse and supermodel kate moss , saying that their alleged drug use was helping devastate west africa . `` coke-snorting fashionistas are not only damaging their noses and brains -- they are contributing to state failure on the other side of the world , '' wrote antonio maria costa , the executive director of the un 's office on drugs and crime . costa , in his piece , said the cocaine used in europe passes through impoverished countries in west africa where governments have n't been able to mount an effective fight against the drug traders .
477	-lrb- cnn -rrb- -- china 's giant pandas are believed to be safe after monday 's earthquake , but concern is growing over how they will get their next meals . the wolong giant panda reserve center in southwest sichuan province is home to about 86 giant pandas , who were reported safe tuesday . the mountainous , densely wooded region is the natural habitat for most of the 1,200 giant pandas living in the wild , making it an obvious location for research bases like wolong and chengdu .
478	-lrb- cnn -rrb- -- a group of native hawaiians occupied the grounds of the old hawaiian monarchy 's royal residence wednesday , vowing to stay and do the business of the kingdom 's government . `` it is through a greater realm than ours '' that the group took this action , said mahealani kahau , elected leader of the group , called hawaiian kingdom government . the group is one of several in hawaii that reject statehood and seek to return to the constitutional monarchy that effectively ended in 1893 when a group of politicians , businessmen and sugar planters -- aided by the u.
479	the police dogs in duesseldorf , germany are now patrolling the pavement in protective shoes that their police-officer handlers strap onto their paws . too many glass shards left by beer drinkers in the city center , said andre hartwich , a spokesman for police in duesseldorf . `` we wondered how can we protect our dogs ' feet against glass , '' said hartwich .
480	kampala , uganda -lrb- cnn -rrb- -- a fight between ugandan and libyan presidential guards sparked chaos during a ceremony attended by the heads of state from 11 african nations on wednesday . several of the guards to the visiting heads of state from kenya , tanzania , burundi , rwanda , mali , somalia , sudan and djibouti sustained serious injuries in the fight , which included punches , kicks and the drawing of guns . minutes after libyan leader moammar gadhafi and his host , ugandan president yoweri museveni , jointly unveiled a plaque to mark the event , the libyan guards pushed away the guards of other delegations at the mosque 's entrance .
481	jacksonville , north carolina -lrb- cnn -rrb- -- the remains of an adult and a fetus were found saturday in a shallow grave in the backyard of the primary suspect in the death of a pregnant marine , onslow county sheriff ed brown announced . `` this is consistent with what we were looking for : a pregnant lady who is the victim maria lauterbach and her unborn child , '' brown said . the body was charred , and the fetus was in the victim 's abdomen , brown said , describing the scene in gruesome detail .
482	hillary clinton received the most votes in two pivotal democratic primary contests tuesday , scoring wins in texas and ohio that were considered critical to keeping alive her white house hopes . the race was closer in texas where , with 99 percent of precincts in , clinton had 51 percent to obama 's 48 percent . obama was leading clinton in the caucus vote 56 percent to 44 percent with 38 percent of the state counted , party officials said .
483	-lrb- cnn -rrb- -- china 's giant pandas are believed to be safe after monday 's earthquake , but concern is growing over how they will get their next meals . the wolong giant panda reserve center in southwest sichuan province is home to about 86 giant pandas , who were reported safe tuesday . the mountainous , densely wooded region is the natural habitat for most of the 1,200 giant pandas living in the wild , making it an obvious location for research bases like wolong and chengdu .
484	olive garden 's venetian apricot chicken has 448 calories and 11 grams of fat . backed by an advisory panel of experts in healthy dining , we sifted through 43 chains with more than 75 locations across the country and , frankly , were astonished by how many restaurants made no nutritional information available . sure , its famous deep-dish -lrb- read high-fat -rrb- pizzas still hold court , but nutrition has become the word of the day with a completely transfat-free menu and plenty of grilled entrees -lrb- including antibiotic-free chicken -rrb- .
485	barcelona , spain -- barcelona 's argentina striker lionel messi will be out of action for six weeks after tearing a muscle in his left leg during tuesday night 's 1-0 champions league victory over celtic . messi picked up the injury after 34 minutes during barcelona 's victory over the scottish side , which booked their spot in the last eight by easing through 4-2 on aggregate . it is third time in the last three years that messi has had the same injury , the last occasion being on december 15 against valencia , which ruled him out of the ` el clasico ' derby the following week against real madrid .
486	s. embassy in belgrade is evacuating all nonessential personnel following thursday 's attack on the building by a crowd of protesters , a spokesman for the embassy told cnn friday . the embassy was closed friday , and a handful of riot police holding shields stood outside the building , its outer walls blackened from fires set the night before and some of its windows smashed . it will remain closed until monday or tuesday so officials can assess the damage , said bill wanlund , the embassy 's spokesman .
487	los angeles , california -lrb- cnn -rrb- -- jamiel shaw was just three doors from his house on march 2 . his father told the 17-year-old high school football star to be home before dark . his dad heard the shots from inside his house and immediately called his son 's cell phone to warn him to stay away .
488	s.-mexican border that , when stretched taut , could have seriously harmed or even decapitated border patrol agents , congress was told wednesday . the wire was about 4 feet high when pulled tight , or about neck level for an agent on an atv , officials say . `` it was configured in a way so that , if it was pulled , it would take off the head of a border patrol agent riding in an open car , '' homeland security secretary michael chertoff said at a house budget hearing .
489	barack obama claimed a significant victory in the south carolina democratic primary on saturday , telling supporters `` we are hungry for change . `` tonight , the cynics who believed that what began in the snows of iowa was just an illusion were told a different story by the good people of south carolina , '' obama said to supporters saturday . watch a recap of obama 's big win '' a win in south carolina was considered crucial for obama , who won iowa but finished second to clinton in new hampshire and nevada .
490	london , england -lrb- cnn -rrb- -- handsome , articulate and lightning fast -- mclaren 's lewis hamilton can now add two more words to his list of qualities : very rich . the briton is set to become one of the most marketable sport stars in the world -- perhaps second only to tiger woods -- and earn more than a billion dollars if he can maintain the buzz created by his first season in formula one , experts say . stephen cheliotis , chief executive of the centre for brand analysis and uk superbrands and coolbrands councils ' chairman , said hamilton was the most marketable driver because he was a breath of fresh air .
491	washington -lrb- cnn -rrb- -- the federal government has released to cnn more than 100 photographs of a halloween party that temporarily threatened to derail the nomination of a top department of homeland security official . at the party , julie myers , then-acting chief of immigration and customs enforcement -lrb- ice -rrb- , part of the department of homeland security , gave an award for `` most original costume '' to an employee wearing prison stripes , a wig with dreadlocks and face-darkening makeup . '' this week , in response to the freedom of information act request filed by cnn on november 6 , ice released 113 official photographs of the party , including all of the deleted photos , which technicians were able to electronically restore .
492	baghdad , iraq -lrb- cnn -rrb- -- two bombings in separate iraq provinces on monday killed eight u. a boy with a machine gun weeps monday at the site of a suicide bombing in kanan that killed a sheik . in addition , suicide bombers killed five iraqis in two bombings in diyala province monday morning , including a sheik who helped battle sunni extremists and his 5-year-old niece .
493	baghdad , iraq -lrb- cnn -rrb- -- the office of muqtada al-sadr accused iraqi and u. s. forces of attacking sadr city on friday , just hours after the shiite cleric called for calm in the wake of the assassination of one of his top aides in the southern city of najaf . witnesses and media in the heavily shiite baghdad neighborhood of sadr city , home to the cleric 's power base in the capital , reported heavy fighting between u.
494	everson 's part and diminished his ability to lead the organization in the future , '' the red cross said in a statement on its web site . everson , 53 , said in a written statement that he was leaving the $ 500,000-per-year job `` for personal and family reasons , and deeply regret it is impossible for me to continue in a job so recently undertaken . the organization became aware of everson 's relationship with a female red cross employee 10 days ago , chief public affairs officer suzy c.
495	-lrb- cnn -rrb- -- canada 's house of commons voted thursday to extend the country 's military mission in afghanistan until 2011 , with the stipulation that nato send reinforcements to the volatile kandahar province . canadian soldiers walk along a track at the kandahar air base in afghanistan last month . most of canada 's 2,500 troops in afghanistan are in kandahar as part of the nato-led mission to stabilize the war-torn country .
496	the police dogs in duesseldorf , germany are now patrolling the pavement in protective shoes that their police-officer handlers strap onto their paws . too many glass shards left by beer drinkers in the city center , said andre hartwich , a spokesman for police in duesseldorf . `` we wondered how can we protect our dogs ' feet against glass , '' said hartwich .
497	barcelona , spain -- barcelona are ready for twice world player of the year ronaldinho to move on , said club president joan laporta . laporta told the catalan tv3 station that the brazilian midfielder , who struggled with injuries and poor form last season , needed new challenges in his career . `` last year , we thought that it might be the year to sell him , but given his enthusiasm and the appreciation that a club like barcelona needs to have , we decided to let him stay on .
498	s.-led forces after the september 11 attacks in 2001 -- has strengthened its military and technical capabilities even while suffering heavy combat losses , says a state department report released wednesday . `` the taliban-led insurgency remained a capable , determined , and resilient threat to stability and to the expansion of government authority , particularly in the pashtun south and east , '' according to the `` country reports on terrorism 2007 . '' the taliban 's information operations have become `` increasingly aggressive and sophisticated , '' and their ability to obtain al qaeda support and recruit soldiers from the taliban base of rural pashtuns is `` undiminished , '' the report says .
499	-lrb- cnn -rrb- -- hazardous materials teams are still cleaning up a toxic chemical spill from a train derailment in lafayette , louisiana , on saturday that forced 3,000 people from their homes . two train cars leaked highly corrosive hydrochloric acid after the six-car train jumped the tracks saturday about 2:30 a. watch traffic detoured from cloud '' the red cross opened a shelter at carencro high school for residents to stay saturday night , while another 40 to 50 families were put up at hotel rooms , police said .
500	-lrb- cnn -rrb- -- aruban authorities questioned joran van der sloot in the netherlands about the disappearance of natalee holloway , the aruban prosecutor 's office said friday . during the two-hour interview with aruban investigators , van der sloot again denied any role in holloway 's vanishing , the prosecutor 's office said in a written statement . patrick van der eem , a man who feigned friendliness toward van der sloot , recorded the conversations on hidden cameras installed in the range rover he was driving , according to the report that aired sunday .
501	in just five years , tony fernandes has built air asia from a bankrupt local carrier to the region 's biggest budget airline -- 18 million passengers will fly the airline this year . cnn 's andrew stevens talked to fernandes in macau to find out why , at the age of 37 , he would leave a comfortable job in the music industry to start a new business in the cut-throat , not to mention high risk , aviation industry . fernandes : well there 's a fine line between brilliance and stupidity , so the second point in a statement that richard branson 's made is how to become a millionaire , start with a billion and start an airline .
502	bogota , colombia -lrb- cnn -rrb- -- the commander of the revolutionary armed forces of colombia 's force 47 told reporters in bogota monday -- a day after surrendering -- that `` the solution is not through war . nelly avila moreno , 45 , whose nom de guerre was karina , said she and her longtime male companion made the decision jointly to abandon the farc group , based in the jungle , at 5 a. `` i invite them to change the sensibility that is among the guerrillas , '' she said , seated by her companion , who said nothing during the news conference .
503	com -rrb- -- everyone wants to be more physically fit , but the toughest thing is finding motivation -- the motivation to get started , the motivation to keep going , the motivation to push yourself to the next level . a man tries out the wii fit at a nintendo launch party in central park , new york city . in fact , wii fit might be some of the most fun you can have by just more or less standing still , which must make it about as mass market friendly as any video game product ever was .
504	-lrb- cnn -rrb- -- cristiano ronaldo missed an early penalty as manchester united earned a 0-0 draw in the first leg of the champions league semifinal at barcelona 's nou camp stadium on wednesday night . messi picked out samuel eto'o in the 13th minute only for midfielder scholes -- making his 100th champions league appearance -- to make a vital interception . barcelona pressed forward again in the 21st minute and rafael marquez got clear of his marker but his header failed to trouble van der sar , who was back in the side following a groin injury .
505	s. marine pleaded guilty friday to abusive sexual contact with a child under 16 , bringing to a close a criminal case that stoked outrage in japan , a marine spokesman said . the marine corps withdrew several other charges , including rape of a child , kidnapping and making a false official statement , wilson said . japanese police arrested hadnott in february on charges alleging that he raped a 14-year-old junior-high school student .
506	new delhi , india -lrb- cnn -rrb- -- police imposed a curfew in jaipur on wednesday , a day after near-simultaneous bomb attacks in the ancient indian city killed at least 63 people and wounded more than 200 . vasundhara raje , chief minister of rajasthan -- the state of which jaipur is the capital -- blamed an `` unnamed international terror group '' for the attack , but said it was too early in the investigation to specify which one . g. ragavendhra , jaipur 's superintendent of police , told cnn that police found nine newly-purchased bicycles at the scene , and think they were used to carry the explosives .
507	delhi , india -lrb- cnn -rrb- -- india is on high alert after a series of near-simultaneous explosions killed at least 60 people and wounded 150 others in a top tourist spot , government and local officials told cnn-ibn . motorcycles , pieces of which were found at nearly every bomb site , appear to have been used in the attacks , said rajasthan home minister gulab chand kataria . there was no immediate claim of responsibility , but indian government officials -- including minister of state for home affairs shriprakash jaiswal -- were quick to label it a terrorist attack .
508	washington -lrb- cnn -rrb- -- al qaeda is still operating within pakistan 's mountainous tribal region bordering afghanistan , and the united states lacks a `` comprehensive '' plan for meeting its national security goals there , said a u. that al qaeda had regenerated its ability to attack the united states and had succeeded in establishing a safe haven '' in pakistan 's federally administrated tribal areas . 8 billion the united states provided for aid in the tribal region , 96 percent of it reimbursed pakistan for military operations there , the agency said .
509	atlanta , georgia -lrb- cnn -rrb- -- it 's midnight on the streets of atlanta , and bar owner rufus terrill patrols his neighborhood with a rolling crime fighter of his own creation . it 's a barbecue smoker mounted on a three-wheeled scooter , and armed with an infrared camera , spotlight , loudspeaker and aluminum water cannon that shoots a stream of icy water about 20 feet . more than 20 suspicious people were seen huddling in the dark in the front driveway and side parking lot on this night .
510	new york -lrb- cnn -rrb- -- before monday , eliot spitzer was a rising star in the democratic party -- his squeaky-clean image as a corruption buster led to his being mentioned as a potential vice-presidential candidate and possibly even a future white house contender . now , after federal investigators have linked the new york governor to a top-dollar prostitution ring , political advisers are split over whether spitzer has any political future at all . `` there 's no way he can survive it , '' said ed rollins , a republican political consultant and adviser to former presidential candidate mike huckabee .
511	-lrb- cnn -rrb- -- forbes ' list of the world 's wealthy has named warren buffett the richest person on the planet , surpassing his friend and philanthropic partner bill gates who had held the title for 13 consecutive years . the american investor and philanthropist is worth an estimated $ 62 billion , up $ 10 billion from a year ago thanks to surging prices of berkshire hathaway stock , according to forbes magazine 's annual ranking of the world 's billionaires . mexican telecom tycoon carlos slim helu was named the world 's second richest man , with a net worth of around $ 60 billion , up $ 11 billion since last march .
512	-lrb- cnn -rrb- -- south korea 's new president has pledged to donate his salary to the underprivileged . south korean leader lee myung-bak says he would donate his salary to help the underprivileged . lee myung-bak made the pledge during an unscheduled meeting with reporters sunday in the press room of his presidential office , the state news agency reported .
513	basra , iraq -lrb- cnn -rrb- -- the man , blindfolded and handcuffed , crouches in the corner of the detention center while an iraqi soldier grills him about rampant crimes being carried out by gangs in the southern city of basra . iraqi authorities say this man has confessed to killing 15 girls , including a 9-year-old . the suspect , who is unshaven and appears to be in his 20s or 30s , was arrested by iraq security forces after they retook most of basra in april .
514	hinckley , 97 , president of the church of jesus christ of latter-day saints , died sunday . hinckley had `` been in failing health for some time and his passing is due to age , '' said church spokesman bruce olsen . '' hinckley became president of the salt lake city-based church in 1995 , at age 84 , and had been a member of its top leadership since the 1960s .
515	john mccain , whose white house aspirations went into a nose dive last summer , clinched the republican party 's presidential nomination tuesday night with a sweep of gop contests in four states . `` i am very , very grateful and pleased to note that tonight , my friends , we have won enough delegates to claim with confidence , humility and a great sense of responsibility , that i will be the republican nominee for president of the united states , '' mccain told supporters in texas . `` now , we begin the most important part of our campaign : to make a respectful , determined and convincing case to the american people that our campaign and my election as president , given the alternative presented by our friends in the other party , is in the best interest in the country that we love , '' mccain said .
516	-lrb- mental floss -rrb- -- we all want to live forever . when you have to drug somebody against their will -lrb- hey , you got ta do what you got ta do -rrb- , it just would n't sound right to slip 'em a ricardo , a bjorn , or an evelyn . although several lynches -lrb- not including david -rrb- have been investigated by inquisitive etymologists , virginia native charles lynch -lrb- 1736 -- 1796 -rrb- is most likely the man behind the murderous word .
517	-lrb- cnn -rrb- -- a video showing the last moments of a polish immigrant , who died after canadian police shot him with a stun gun at vancouver international airport , has been made public . this image from video shows an agitated robert dziekanski , left , before police used a stun gun on him . robert dziekanski , 40 , was traveling to join his mother , who lives in british columbia , when he ended up spending about 10 hours in the airport 's arrivals area , the canadian press said .
518	-lrb- cnn -rrb- -- those battling global warming by promoting biofuels may unintentionally be adding to skyrocketing world food prices , creating what one expert calls `` a silent tsunami '' in developing nations . the rising prices are `` threatening to plunge more than 100 million people on every continent into hunger , '' josette sheeran , executive director of the united nations ' world food program , said on the agency 's web site tuesday . sheeran is one of the experts attending a food summit hosted tuesday by british prime minister gordon brown , aimed at determining ways to boost food supplies and identify deterrents .
519	-lrb- cnn -rrb- -- gasoline prices set a record for the 16th consecutive day wednesday . s. division of royal dutch shell , addressed rising gasoline prices during an interview wednesday with john roberts on cnn 's `` american morning . i think shell sees that coming , but in terms of total oil supply to the world , we 're a long way from reaching peak oil because it does n't take into account unconventional oil .
520	-lrb- cnn -rrb- -- austrian investigators monday released more details about the elaborate underground cellar where josef fritzl kept his daughter imprisoned for 24 years , along with three of their children . investigators believe fritzl planned to build the cellar as early as 1978 , shortly after , according to his daughter , he began raping her at age 11 or 12 , said police spokesman franz polzer . the 73-year-old austrian began building the dungeon as part of an addition to his home that year , and simply added the hidden space -- which was not recorded in any building plans -- polzer said .
521	barack obama raised more than $ 40 million from more than 442,000 donors in march , his presidential campaign announced thursday . impressive as the $ 40 million figure is , it is well below the $ 55 million obama raised in february . with its march totals , the obama campaign has raised approximately $ 234 million , which surpasses the democratic record of $ 215 million that 2004 nominee sen.
522	atlanta , georgia -lrb- cnn -rrb- -- it 's a neighborhood of shotgun houses painted a rainbow of colors , a community of artists , workaday folks and students where everyone knows everyone 's name . it appeared friday night 's 130 mph tornado had delivered its wrath randomly -- some houses were perfectly intact while others were flooded and smashed . `` it 's a sad thing , '' said 56-year-old bertha wise , standing next to a splintered tree that had buried her car and blocked a side-door to her yellow and cobalt-blue house .
523	barack obama for the 2008 democratic presidential nomination , saying the senator from illinois is a `` candidate to bring change to our country . '' `` barack obama is n't just going to break the mold , '' said kerry , the democratic presidential candidate four years ago . kerry said he was stirred by the way obama `` eloquently reminded us of the fact that our true genius is faith in simple dreams and insistence on small miracles .
524	-lrb- cnn -rrb- -- a member of the group dubbed the `` jena 6 '' is facing misdemeanor assault charges after a fight at his texas high school wednesday , police said thursday . bryant purvis , 19 , was arrested after the incident at hebron high school in carrollton , texas . an 18-year-old student told authorities two males approached him and asked if he had flattened the tires of `` their homeboy 's '' car , according to an affidavit supporting the arrest warrant .
525	new york -lrb- cnn -rrb- -- the official motto of pope benedict xvi 's april 15-20 visit to the united states , the first of his papacy , is `` christ our hope . '' here 's a typical example from early april : `` the pope is not coming to get mixed up in the local political process , '' said italian archbishop pietro sambi , the pope 's ambassador to america , in an interview with the national catholic reporter . '' fear that benedict 's visit might be read through the lens of party politics reflects a key fact of electoral life in america : the `` catholic vote '' matters .
526	s. navy dirigibles are on this year 's national trust for historic preservation 's endangered list . the 11 sites represent the country 's architectural , cultural and natural heritage , and `` reflect extraordinary periods of american history , '' national trust director richard moe said . of the roughly 200 places listed by the organization in the past 20 years , the national trust says only six have been lost .
527	-lrb- cnn -rrb- -- canada 's house of commons voted thursday to extend the country 's military mission in afghanistan until 2011 , with the stipulation that nato send reinforcements to the volatile kandahar province . canadian soldiers walk along a track at the kandahar air base in afghanistan last month . most of canada 's 2,500 troops in afghanistan are in kandahar as part of the nato-led mission to stabilize the war-torn country .
528	bush , stating that they attacked two oil pipelines monday , have asked for former president jimmy carter and actor george clooney to help solve issues in the oil-rich niger-delta . in a letter written by a group called movement for the emancipation of the niger delta , or mend , the group said they attacked two pipelines they believed are owned by chevron corp. the attack will temporarily cut shipments by 169,000 barrels a day as workers try to repair the damage , the spokesman said .
529	-lrb- cnn -rrb- -- sin hwa dee began operations in the 1970s as a cottage industry in the former soya sauce-producing enclave of kim chuan road , in the paya lebar area of singapore . chng kee started out producing soya and oyster sauces , bean paste and plum paste in the 1970s . in 1990 , the company began producing the preserved fruits and vegetables used to make the traditional lunar new year dish of yu sheng .
530	los angeles , california -lrb- cnn -rrb- -- striking hollywood writers will be back at their keyboards wednesday after voting overwhelmingly to end a 100-day walkout that essentially shut down the entertainment industry . more than 92 percent of the writers guild of america members who cast ballots tuesday in los angeles and new york voted to end their work stoppage over residuals for writing in the digital age , including new media and the internet . '' wga members walked off the job november 5 after talks broke down over how writers are paid for the use of their material on the internet and dvds , among other issues .
531	'' a sign indicating the highest speed limit in the country stands by interstate 10 outside of the west texas town of el paso . since 1995 , states have been free to set their own maximum speed limits , leading to long debates on safety standards . the top rural speed limit is normally 70 mph , but in 2006 it set a maximum daytime speed of 80 miles per hour , the highest speed limit on the country , on more than 500 miles of rural interstate in its southwest corner .
532	washington -lrb- cnn -rrb- -- former abc news chief national security correspondent john mcwethy died from injuries in a colorado skiing accident , a coroner said thursday . a witness said mcwethy , 61 , was skiing fast on an intermediate trail wednesday at keystone ski resort when he lost control and slammed into a tree , said joanne l. with his wife , laurie , mcwethy recently had moved to boulder after nearly 30 years as an abc news correspondent , so he could enjoy colorado 's ski trails , according to a statement from abc news president david westin .
533	-lrb- cnn -rrb- -- democratic presidential candidate barack obama defended himself and his wife sunday against suggestions that they are insufficiently patriotic . after a town hall meeting in lorain , ohio , a reporter asked obama about `` an attempt by conservatives and republicans to paint you as unpatriotic . '' the reporter also noted that the illinois senator does not wear an american flag lapel pin , has met with former members of the radical anti-vietnam war group , weather underground , and his wife was quoted recently as saying she never felt really proud of the united states until recently .
534	berlin , germany -lrb- cnn -rrb- -- six italian men were shot dead in the german city of duisburg on wednesday in an execution-style killing linked to a mafia feud . italian interior minister giuliano amato said the shootings appeared to be linked to a feud between two mafia clans in the southern region of calabria , home to the ` ndrangheta organized crime group . -- the calabrian `` honored society '' , known as '' ` ndrangheta '' , in the calabria region of south italy is the equivalent of the sicilian mafia .
535	johannesburg , south africa -lrb- reuters -rrb- -- his name is `` average '' and the story of his desperate flight from the wreckage of president robert mugabe 's zimbabwe is an increasingly common one . the tall 34-year-old , slouching exhausted in a johannesburg church that has become a de facto transit camp , is one man in a tide of migrants washing up in south africa . when mugabe 's government , facing inflation of close to 5,000 percent , ordered companies to halve prices of basic goods and services a month ago -- effectively demanding that they operate at a loss -- average lost his job as the supermarket chain he worked for cut staff .
536	-lrb- cnn -rrb- -- panama city beach , florida , police are looking for a hotel security guard accused of raping an alabama student and throwing her off a sixth-floor hotel balcony , a police spokesman told cnn . police released this photo of shawn wuertly , who worked as a hotel security guard in panama city beach , florida . police have issued an arrest warrant for shawn wuertly , 29 , who worked as a security guard at the resort , humphreys said .
537	london , england -lrb- cnn -rrb- -- record oil prices , the sub-prime mortgage mess and slumping stock markets are hardly music to the ears of investors . in tough economic times like these , investors seek out safe , stable investments such as guaranteed government bonds or cds . yet a growing number are being wooed by the sweet sounds , and profits , of something new -- investment funds specializing in high-end musical instruments .
538	mexico city , mexico -lrb- cnn -rrb- -- buses that carry women only are experiencing a smooth ride with passengers in mexico 's capital . a woman rides on a bus exclusively for female passengers last month in mexico city . '' the single-sex service , which started in january , is available on four major lines in the city , and it 's expected to expand to another 15 .
539	s. soldiers were killed and 31 others wounded in two rocket attacks sunday afternoon in baghdad , the u. s. troops and the mehdi army militia loyal to shiite cleric muqtada al-sadr left at least 20 dead and 52 wounded in baghdad 's sadr city , according to an iraqi interior ministry official . sunday 's violence came as iraqi prime minister nuri al-maliki demanded al-sadr disband his mehdi army and threatened to bar al-sadr 's followers from the political process if the cleric refused .
540	milan , italy -- european super cup winners milan were brought back down to earth at the san siro on monday , as fiorentina held them to a 1-1 draw in serie a. fiorentina striker adrian mutu earned the visitors a point with a 56th-minute header after milan playmaker kaka had scored from the penalty spot in the 27th minute . milan , who beat genoa 3-0 in their opening league game , join fiorentina as one of seven teams with four points in the league table .
541	-lrb- cnn -rrb- -- two hours before his scheduled execution thursday , the georgia board of pardons and paroles commuted the death sentence of samuel david crowe , his lawyer said . samuel david crowe 's death sentence was changed to life in prison by georgia authorities , his attorney says . the board 's ruling means crowe 's sentence will be changed to life without the possibility of parole .
542	barack obama told florida 's cuban-american community friday that his cuba policy would be based on `` libertad '' and freedom for the island nation 's people . `` my policy toward cuba will be guided by one word : ` libertad , ' '' he said , using the spanish word for liberty at an event celebrating cuban independence day in miami , florida . watch obama call for freedom in cuba '' obama also said the policy for cuba and the rest of latin america would be guided by `` the simple principle that what 's good for the people of the americas is good for the united states .
543	london , england -lrb- cnn -rrb- -- air crash investigators are trying to work out why a boeing 777 landed short of the runway at london heathrow airport , skidding on grass and ripping apart sections of the aircraft . an investigator who has been briefed on the incident told cnn the plane 's captain `` is claiming there was n't power when he needed it . images showed the boeing 777 -- ba flight 38 from beijing , china -- grounded on tarmac after touching down several hundred meters short of the airport 's south runway , close to a perimeter road , with its emergency chutes deployed and white fire-fighting foam covering the engines .
544	before the iraq war began , that figure was less than one suicide attempt a day . s. army figures , which show 2,100 soldiers tried to commit suicide in 2007 . last year 's 2,100 attempted suicides -- an average of more than 5 per day -- compares with about 350 suicide attempts in 2002 , the year before the war in iraq began , according to the army .
545	-lrb- cnn -rrb- -- zimbabwe president robert mugabe has warned against outside influences in next month 's run-off election , likening one american diplomat to a `` prostitute '' and threatening to oust another from his country . yes , it is african , '' said mugabe , whose speech sunday was quoted monday in the herald , the state-run newspaper . in april , frazer accused mugabe , who has ruled zimbabwe for nearly three decades , of `` trying to steal the election '' and `` intimidating the population and election officials as well .
546	baghdad , iraq -lrb- cnn -rrb- -- a german woman held hostage in iraq since february has been freed , but her son was still being held , german foreign minister frank-walter steinmeier said wednesday . the woman , hannelore marianne krause , was taken to germany 's embassy in baghdad after being taken captive with her adult son 155 days earlier . in early march , iraqi militants holding krause and her son hostage demanded that germany withdraw its troops from afghanistan to ensure their safety .
547	santiago , chile -lrb- cnn -rrb- -- nearly 100 former chilean soldiers and secret police will be prosecuted on charges they tried to cover up the disappearance and deaths of 119 people during the dictatorship of augusto pinochet , a judge ordered monday . the disappearances occurred between 1974 and 1975 , during what was known as `` operation colombo , '' which targeted pinochet 's opponents . chilean magistrate victor montiglio based his order on an investigation that says 60 victims were illegally arrested by the office of national intelligence -lrb- dina -rrb- and kept in detention centers before they disappeared .
548	-lrb- cnn -rrb- -- a federal grand jury indicted a man arrested last week in connection with a mysterious case of exposure to the deadly biological agent ricin , prosecutors said . authorities found ricin , weapons and an anarchist manual in roger von bergendorff 's nevada hotel room . roger von bergendorff , 57 , was indicted on charges of possession of a biological toxin , possession of unregistered firearms and possession of firearms not identified by serial number , said natalie collins , a spokeswoman for the u.
549	mugello , italy -- italian valentino rossi 's resurgence continued on saturday , as the five-time motogp champion took pole position at his home race in mugello . rossi gives the thumbs up after taking his first pole position of the season at his home race in mugello . 130 seconds was enough to see him take his first pole position of the season ahead of dani pedrosa in second and fellow-italian loris capirossi in third -- the 50th pole of his career and 40th in motogp .
550	-lrb- cnn -rrb- -- actress sharon stone said in a statement saturday that she `` could not be more regretful '' of her comments this month regarding the earthquake in china , in which she suggested that the quake was an act of `` karma . `` yes , i misspoke , '' said the statement released by stone 's publicist and entitled `` in my own words by sharon stone . '' stone said saturday that she was issuing the statement to set the record straight about the comments she made to a reporter at the cannes film festival .
551	-lrb- cnn -rrb- -- serie a champions inter milan have confirmed the dismissal of coach roberto mancini , opening the way for former chelsea manager jose mourinho to replace him . ironically , the 43-year-old mancini , who guided inter to three successive italian league titles , is now the favorite to take mourinho 's former job at stamford bridge . `` inter milan have informed roberto mancini that he has been relieved of his role as coach , especially because of his comments that he was not going to stay after the end of the season following the champions league tie against liverpool on march 11 , '' read their statement .
552	-lrb- cnn -rrb- -- seven players involved in last week 's champions league final have been excused from england 's trip to trinidad and tobago for their friendly international on sunday . only jermaine defoe -lrb- second right -rrb- of the england players congratulating john terry will travel to trinidad . coach fabio capello confirmed that of the men involved in moscow last week , only manchester united central defender rio ferdinand , who has links with the caribbean , and chelsea full-back wayne bridge , who did not get onto the pitch at the luzhniki stadium , will be part of his 22-man squad for the final game of the season .
553	barack obama as she faces what even her supporters admit are must-win situations in texas and ohio in the weeks ahead . '' clinton was referring to a 2006 bill that obama drafted after an illinois nuclear power plant was found to have released radiation into surrounding groundwater . watch clinton attack obama '' reacting to clinton 's charges , obama spokesman bill burton said his candidate `` does n't need any lectures on special interests from the candidate who 's taken more money from washington lobbyists than any republican running for president .
554	washington -lrb- cnn -rrb- -- she 's faced the glare of public life since she was a girl , but chelsea clinton must contend with renewed press scrutiny as she increasingly assumes a role in her mother 's campaign for president . chelsea clinton accompanies her mother to the polls on super tuesday in chappaqua , new york . chelsea clinton will spend three days there to strum up last-minute votes before the state 's tuesday caucuses , said a source from her mother 's campaign .
555	-lrb- cnn -rrb- -- a shadowy figure in the back seat of an suv in surveillance photos is a second `` person of interest '' in the slaying of the university of north carolina student body president , police said monday . police on saturday released photos taken by an atm camera that show a young man driving a sport utility vehicle possibly using one of student eve carson 's atm cards in the chapel hill area . carson , 22 , was found shot to death early wednesday in a suburban neighborhood near the university of north carolina at chapel hill campus .
556	gerolstein , germany -- mineral water company gerolsteiner have decided to drop their sponsorship of the german protour cycling team , which expires at the end of the 2008 season . gerolsteiner , who have been team sponsors since 1998 , said there was a change in marketing strategy . gerolsteiner has invested around $ 12 million annually in the team , which includes riders stefan schumacher , fabian wegmann , markus fothen and robert foerster .
557	wichita , kansas -lrb- cnn -rrb- -- she found her husband on their bed in a pool of his own vomit , dead from an accidental overdose of drugs he received from an online pharmacy . these pills were sent to cnn 's drew griffin , even though he was never seen by a doctor . every night before her husband went to bed , he would open a prescription bottle of the muscle relaxant soma and swallow the eight or nine pills it took for him to fall asleep , said the woman .
558	-lrb- cnn -rrb- -- three-time defending champion rafael nadal made light work of his heavy schedule and a recurring foot problem to reach the last 16 of the french open on friday . he will play fellow spaniard fernando verdasco after his 7-6 5-7 7-6 6-1 win over 15th seed mikhail youzhny of russia . nadal will be hoping for some time to let his blistered foot recover , needing treatment during the match against nieminen for a problem that saw him beaten in the second round of the rome masters earlier in the claycourt season .
559	washington -lrb- cnn -rrb- -- negotiations between the united states and libya that could result in compensation for past acts of state-sponsored terrorism by libya are under way , a senior state department official said friday . the nations hope to hammer out a deal in which libya would `` resolve all outstanding claims in good faith '' and offer `` fair compensation '' to victims and their families , he said . outstanding terrorism claims have been a problem for libya in its attempts to normalize relations with the united states and to begin development of its oil resources .
560	-lrb- cnn -rrb- -- researchers have produced aerial photos of jungle dwellers who they say are among the few remaining peoples on earth who have had no contact with the outside world . taken from a small airplane , the photos show men outside thatched communal huts , necks craned upward , pointing bows toward the air in a remote corner of the amazonian rainforest . more than 100 uncontacted tribes remain worldwide , and about half live in the remote reaches of the amazonian rainforest in peru or brazil , near the recently photographed tribe , according to survival international , a nonprofit group that advocates for the rights of indigenous people .
561	miami , florida -lrb- cnn -rrb- -- tropical storm arthur , the first named storm of the 2008 atlantic season , formed saturday near the coast of belize , the u. the storm made its way over land and was expected to weaken , but the center said the storm could re-emerge in the gulf of mexico and regain intensity sunday . the storm 's maximum sustained winds were near 40 mph -lrb- 65 km/hr -rrb- , with higher gusts , mainly over water east of its center .
562	`` if we were strongly united from the beginning , that silly-minded american soldier would n't have used the quran as a target , '' said sheikh ahmed abdul-ghafour al-samarie , delivering a sermon at um al-qura sunni mosque in baghdad . s. military and president bush have apologized , but it did not stem the violent protests in afghanistan and calls from both sunni and shiite iraqis for the soldier to be severely punished . '' watch residents of baghdad protest '' sayyed muhanned al-mossawi , a shiite imam at al-hakma mosque , said : `` we condemn and denounce the criminal act by the american soldier in radhwaniya in tearing the holy quran and using it as a shooting target .
563	san diego , california -lrb- cnn -rrb- -- on the question of whether recent immigrants assimilate as quickly as previous waves , many americans exhibit short fuses -- and even shorter memories . they have convinced themselves that , instead of adapting to the customs of this country , new arrivals -- most of whom come from asia or latin america -- expect the rest of us to accommodate them . and even while americans complain about how the current crop of immigrants are n't like their predecessors , they miss the irony : at the time , there were people who said the same thing about their ancestors ; the germans were thought to not be like the english , the irish were n't like the germans , the italians were n't like the irish etc.
564	miami , florida -lrb- cnn -rrb- -- a woman who died after she was hit by a spotted eagle ray leaping from the water off the florida keys suffered `` multiple skull fractures and direct brain injury , '' a medical examiner said friday . judy kay zagorski , 55 , of pigeon , michigan , died thursday of `` blunt force craniocerebral trauma '' after the ray hit her when she was in a boat , monroe county medical examiner michael hunter determined . he gave no indication in the preliminary report whether the blow from the ray itself or her head hitting the deck , or both , killed her .
565	jakarta , indonesia -lrb- cnn -rrb- -- an indonesian businessman known for publicity stunts dropped 100 million rupiah , or about $ 10,700 , from an aircraft sunday to promote his new book . bank notes are dropped from a small airplane sunday to promote tung desem waringin 's new book . tung desem waringin circled eight times over a soccer field in the city of serang , about 40 miles west of jakarta , emptying bag after black bag of cash .
566	-lrb- cnn -rrb- -- australia leg-spinner stuart macgill has announced he will quit international cricket at the end of the ongoing second test against west indies . macgill will retire after 10 years of test cricket , in which he has taken 207 wickets . the 37-year-old made his test debut against south africa 10 years ago and has since gone on to take 207 wickets at an average of 28.
567	-lrb- cnn -rrb- -- ecological and conservation groups are praising a move by the environmental protection agency to impose new restrictions on rat poisons to help reduce the threat of accidental exposure to children and wildlife . `` by putting these restrictions in place , they are allowing a compromise to be made between themselves and organizations who have been working on this problem for a long time . '' the epa 's new measures , which were handed down thursday , require that rat poisons be kept in bait stations above ground and in containers that meet agency standards .
568	-lrb- cnn -rrb- -- suspected islamic insurgents fired mortar rounds at a plane carrying somalia 's transitional president , but no one -- including abdullahi yusuf ahmed -- was harmed , a presidential spokesman said . it is a splinter group of the islamic courts union , which ousted somalia 's transitional government in 2006 . but the presence of the ethiopians has united various islamic militant groups in somalia , including al-shaabab , who are trying to oust the ethiopian forces and gain control of mogadishu .
569	barack obama 's democratic presidential rivals blasted him for his remarks about pakistan . `` you can think big , but remember , you should n't always say everything you think if you 're running for president , because it has consequences around the world , '' sen. `` it 's already the policy of the united states -- has been for four years -- that there 's actionable intelligence , we would go into pakistan .
570	-lrb- cnn -rrb- -- meals ready to eat , or mres are used by the military to provide nutritious and compact meals for the troops . the meals spark memories good and bad , for those who ate them in the military and even for some civilians who used them during disasters , when food was not readily available . probably left over from wwii ! for my 21st birthday in 1982 i was on border patrol at the czech border and my friends snuck in two beers and made a cake for me out of what was available .
571	picher , oklahoma -lrb- cnn -rrb- -- powerful storms killed 22 people in three states over the weekend , including an oklahoma mother who died while huddling over her child , authorities said . there were six people killed in ottawa county , oklahoma ; 13 in newton county , missouri ; one in a small community just east of carthage in jasper county , missouri ; and one in purdy in barry county , missouri . watch how the storm hit one georgia town hard '' the deadly midwest tornado -- at times , a mile wide -- blew winds estimated at up to 175 miles per hour , tracking a total of 63 miles from oklahoma to southwest missouri , according to the national weather service .
572	-lrb- cnn -rrb- -- some 220 square miles of ice has collapsed in antarctica and an ice shelf about seven times the size of manhattan is `` hanging by a thread , '' the british antarctic survey said tuesday , blaming global warming . scambos alerted the british antarctic survey after he noticed part of the wilkins ice shelf disintegrating on february 28 , when he was looking at nasa satellite images . another 220 square miles -- including the chunk that scambos spotted -- had splintered from the ice shelf as of march 8 , the group said .
573	s. military is promising action to address conditions in a barracks at fort bragg , north carolina , after a soldier 's father posted images on youtube showing a building that he said `` should be condemned . '' a soldier battles overflowing sewage in the fort bragg barracks shortly after coming home from afghanistan . '' cody said he would not want his own sons or any troops to return to such conditions , frawley said .
574	-lrb- cnn -rrb- -- tom cruise expounds on his beliefs in scientology in a 2004 video that made its way onto the internet this week . `` i think it 's a privilege to call yourself a scientologist , and it 's something you have to earn , '' cruise says at the beginning of the video . a second part of the video , made available to cnn by the publisher of a new unauthorized biography of cruise , shows cruise accepting scientology 's freedom medal of valor award and exchanging military-like salutes with scientology chairman david miscavige to audience applause .
575	paris , france -- top-seeded maria sharapova was a shock casualty at the french open on monday when she crashed 6-7 7-6 6-2 against fellow russian dinara safina in paris . ecstasy : safina releases her emotions after her comeback win over maria sharapova in the french open last 16 . '' sharapova won five consecutive games in the second set to go ahead 5-2 , and held a match point serving in the next game .
576	washington -lrb- cnn -rrb- -- the nation 's largest publicly owned utility company may be vulnerable to cyber attacks , according to a new report . the tennessee valley authority , which supplies power to almost 9 million americans , `` has not fully implemented appropriate security practices to protect the control systems used to operate its critical infrastructures , '' leaving them `` vulnerable to disruption , '' the government accountability office found . `` if they are not secure , i do n't have a great deal of confidence that the rest of our critical infrastructure on the electric grid is secure , '' he said .
577	-lrb- cnn -rrb- -- brendon pelser said he saw pure terror in the faces of his fellow passengers after an engine fell from a wing as it took off from cape town , south africa , wednesday . '' but the pilot of nationwide airlines ' boeing 737 flight ce723 was able to fly long enough to dump fuel and make an emergency landing at cape town international airport . a person on the right side said the engine was missing -- had broken clean off , '' said pelser .
578	barack obama on tuesday told supporters he will be the democratic nominee . obama 's steady stream of superdelegate endorsements , combined with the delegates he received from tuesday 's primaries , put him past the 2,118 threshold , cnn projects . hillary clinton , congratulated obama for his campaign , but she did not concede the race nor discuss the possibility of running as vice president .
579	gudda , india -lrb- cnn -rrb- -- in gudda , a village with very little , residents are literally beaming . just two years ago , villagers had never seen light after dark , unless it came from the moon . then slowly , as people saw it , they said , ` wow , what a thing this is ! ' '' there are no real roads that lead to the tiny village in the state of rajasthan in northwestern india , home to about 100 families .
580	-lrb- cnn -rrb- -- on video , joran van der sloot says he `` did n't lose a minute of sleep '' over knowing natalee holloway 's motionless body had been taken out to sea and dumped . in the video that aired sunday on dutch television , van der sloot , a suspect in the 2005 disappearance of holloway , told a man he was with the alabama teen on an aruban beach when she apparently died and that a friend of his with a boat disposed of holloway 's body . `` he went out to sea and then he threw her out , like an old rag , '' van der sloot told aruban businessman patrick van der eem january 16 .
581	washington -lrb- cnn -rrb- -- the national transportation safety board said thursday that it is investigating an incident in which a panel separated from the wing of a boeing 757 while it was in flight last week . ireporter and flight 1250 passenger paul shepherd took this photo of the damage through the aircraft 's window . the incident occurred saturday on us airways flight 1250 from orlando , florida , to philadelphia , pennsylvania , the ntsb said in a statement .
582	derby , england -- substitute emmanuel adebayor struck his second hat-trick against derby this season as arsenal ran riot with a 6-2 premier league victory at pride park . the gunners , 5-0 winners at the emirates earlier in the season , made sure of third place in the table with a rousing second-half display against relegated derby , who move closer to being the premier league 's worst-ever side . bottom side derby , now 30 league games without a victory , began the more purposefully and emanuel villa only just failed to connect tyrone mears ' inviting low cross .
583	los angeles , california -lrb- cnn -rrb- -- workers using blowtorches accidentally started a weekend fire at universal studios , los angeles county spokeswoman judy hammond told cnn monday . it also damaged a video vault but copies of reels and videos are kept at another location , said ron meyer , chief operating officer of universal studios . '' while firefighters were battling the blaze sunday , a pressurized cylinder exploded at universal studios on sunday , injuring two firefighters , officials said .
584	william fallon told cnn he resigned to maintain confidence in the military chain of command . during an interview tuesday on cnn 's american morning , '' fallon denied a magazine article 's assertion that he had been forced to resign over his opposition to a possible war with iran . phillips : -lsb- esquire magazine writer -rsb- tom barnett made it appear that you were the only man standing between the president and a war with iran .
585	s. president george bush railed against the government of zimbabwean president robert mugabe monday , calling intimidation of opposition figures `` deplorable . `` the continued use of government-sponsored violence in zimbabwe , including unwarranted arrests and intimidation of opposition figures , to prevent the movement for democratic change from campaigning freely ahead of the june 27 presidential runoff election is deplorable , '' bush said in a statement released by the u. zimbabwean authorities sunday arrested an opposition leader on charges stemming from his criticism of the government and its handling of the recent presidential election , an official with the opposition movement for democratic change told cnn .
586	s. has restored fulbright scholarships to seven gaza-based students , saying it erred last week when it rescinded the awards because of travel restrictions that israel imposes on the palestinian territory . student hadeel abukwaik , 23 , says she hopes to have an exit visa to leave gaza for the u. s. consulate in jerusalem said the united states was working with israeli authorities to let them leave the hamas-ruled zone to study at american universities .
587	islamabad , pakistan -lrb- cnn -rrb- -- a massive blast targeting the danish embassy in pakistan monday killed at least six people and wounded as many as 18 , authorities said . the scene of devastation in islamabad monday after a suicide car bomb attack near the danish embassy . police at the scene said a suicide car bomber pulled up next to the embassy at about 1 p.
588	beijing , china -lrb- cnn -rrb- -- police in tibet have arrested 16 buddhist monks and are seeking three more for their alleged involvement in one bombing and two attempted bombings , authorities in tibet told state-run media . chinese people 's liberation army soldiers are shown in the streets of lhasa , tibet , on march 14 . the suspects confessed , police said , saying they had listened to foreign radio and were following separatist propaganda from the dalai lama , china 's xinhua news agency reported .
589	dorchester , england -lrb- cnn -rrb- -- englishman john webber thought nothing of the small , shiny cup , passed down from his junk dealer grandfather and stashed under a bed for years , until appraisers said it was an ancient persian artifact . the 5 1/2 - inch gold cup , which experts have dated to the third or fourth century b. sparks acquired the cup along with two other pieces , also up for auction , in the 1930s or 1940s , the spokeswoman said .
590	edward kennedy 's brain was successful , and the democrat should suffer no permanent damage from the procedure , his surgeon reported monday . `` i feel like a million bucks , '' kennedy said after the surgery , according to a family spokesperson . '' kennedy 's doctor 's statement focused on the 3 1/2 - hour operation , which was performed at duke university medical center in durham , north carolina .
591	hillary clinton on saturday will officially suspend her campaign for the presidency and `` express her support for senator obama and party unity , '' her campaign said wednesday . hillary clinton said tuesday that she will let her supporters and party leaders decide her course . barack obama and clinton were in washington on wednesday to each address the influential american israel public affairs committee .
592	hello kitty , the moon-faced cat with a bow in her hair and no mouth . shintaro tsuji , ceo of sanrio , famous for its hello kitty brand , speaks in the boardroom . she 's one of 450 characters developed by japan 's sanrio group , but she 's by far most popular -- the embodiment of what 's known in japan as kawaii , or the culture of cute .
593	s. navy ships loaded with supplies for victims of myanmar 's cyclone will sail away from the country 's coast on thursday , after the ruling junta refused for three weeks to allow them to deliver aid . `` we have made at least 15 attempts to convince the burmese government to allow our ships , helicopters and landing craft to provide additional disaster relief for the people of burma , but they have refused us each and every time , '' keating said in a statement wednesday . some 55,000 others are missing , the united nations said , and as many as 500,000 to 600,000 people , mainly in the irrawaddy delta region , have had to be relocated .
594	dorchester , england -lrb- cnn -rrb- -- englishman john webber thought nothing of the small , shiny cup , passed down from his junk dealer grandfather and stashed under a bed for years , until appraisers said it was an ancient persian artifact . the 5 1/2 - inch gold cup , which experts have dated to the third or fourth century b. sparks acquired the cup along with two other pieces , also up for auction , in the 1930s or 1940s , the spokeswoman said .
595	baghdad , iraq -lrb- cnn -rrb- -- the remains of two u. s. contractors who were kidnapped in iraq have been found , fbi officials said monday . s. soldiers died sunday night in a roadside bombing in iraq , military officials reported , bringing the american toll in the 5-year-old war to 4,000 deaths .
596	seoul , south korea -lrb- cnn -rrb- -- hyundai chairman chung mong-koo escaped a prison sentence for embezzlement after a south korean court ruled thursday to instead impose a suspended five year sentence , according to a company spokesman . hyundai motor chairman chung mong-koo , center , leaves the high court after his trial in seoul in june . in february , the 68-year-old executive was sentenced to three years in prison after being convicted of embezzling money from the south korean conglomerate .
597	-lrb- cnn -rrb- -- a former member of the radical 1970s group symbionese liberation army is back in custody after a clerical error miscalculated her prison release date , a california department of corrections spokesman said saturday . but her earliest release date is now march 17 , 2009 , chief deputy secretary scott kernan said , calling the error `` an aberration . `` the department is sensitive to the impact such an error has had on all involved in this case and sincerely regrets the mistake , '' kernan said .
598	atlanta , georgia -lrb- cnn -rrb- -- artist robert west is proud of his connection to the pullman company . west says trains have an important place in african-american history -- from symbolism in negro spirituals to a real conveyance for the mass migration of blacks moving to the north in the 1930s , '40s and '50s . `` trains have so long symbolized hope , freedom and power -- what better metaphor could there be to represent our struggle and our assimilation into mainstream american life , '' west said .
599	kiev , ukraine -lrb- cnn -rrb- -- a planned missile defense system in eastern europe poses no threat to russia , president george bush said tuesday , responding to concerns that the u. `` the missile defense system is not aimed at russia , '' bush said at a news conference in kiev following talks with the ukrainian president . '' his comments came before he left kiev for a nato summit in bucharest , romania , that is expected to highlight divisions over the plan .
600	jeremiah wright on monday said the black church , not him , had been subjected to attacks in the 2008 presidential campaign . earlier this year , some of wright 's sermons , circulated and widely discussed on the internet and on television , became an issue in the democratic presidential race because of the former pastor 's ties to obama . '' watch as wright explains his 9/11 comments '' wright said those who heard the entire sermon would have known that he was quoting the ambassador from iraq and keeping in line with biblical principles .
601	-lrb- cnn -rrb- -- preliminary results of an investigation show that tuesday 's massive power outage in florida was caused by human error , florida power and light president armando olivera said friday . a fault occurred during the diagnostic process , and because both levels of relay protection had been removed , the fault caused an outage ultimately affecting 26 transmission lines and 38 substations , olivera said . find out more about power grids and blackouts '' one of the substations affected serves three of the generation units at turkey point -- a natural gas unit and both of the plant 's nuclear units .
602	-lrb- cnn -rrb- -- zimbabwe 's capital of harare was quiet saturday night after polls began closing for elections that will decide the future of longtime president robert mugabe . '' at a news conference in harare , movement for democratic change secretary-general tenda biti said that some of the party 's agents have been chased away from polling stations . the party also said the zimbabwe electoral commission claimed to have lost the accreditation for agents at 19 stations and refused to let them in .
603	madrid , spain -lrb- cnn -rrb- -- spanish police tuesday arrested two moroccan men suspected of having links to islamic terrorism , spain 's ministry of interior said , including one man wanted in connection with attacks in casablanca in 2003 . the arrests were made in melilla , a spanish enclave of about 68,000 people on morocco 's mediterranean coast , with spanish civil guards acting on international arrests warrants issued by morocco , the ministry said in a written statement . morocco authorities believe el bay may have been in charge of contacting central european arms smugglers to get weapons and explosives for the alleged plot in morocco , the spanish statement said .
604	-lrb- cnn -rrb- -- a high school valedictorian 's plans to study medicine at a california state university have run headlong into the federal government 's attempts to return him and his family to armenia . arthur mkoyan , 17 , was 2 years old when his family came to the united states . watch students from arthur 's school talk about his case '' ten days later , immigration and customs enforcement plans to deport him and his family to the armenian capital city of yerevan , the same city his family fled in fear 16 years ago .
605	-lrb- cnn -rrb- -- she 'll never forget the day her 17-year-old son , john , asked her permission to enlist in the u. '' samantha schroeder of chester , maryland , worries about her 19-year-old son , john , who is deploying to iraq . now , at age 19 , her son is a marine preparing to deploy to iraq .
606	but it is underneath this family home -- now known as `` the house of horror '' -- that a woman was held for nearly 24 years by her father and repeatedly raped , giving birth to seven children as a result . now the first images have begun to emerge of the series of rooms in which 73-year-old man josef fritzl says he imprisoned his daughter , and three of her surviving children , in a basement 50-60 meters square that he converted himself . the rooms included a sleeping quarters , a kitchen and a bathroom , all of which are said to be `` very dark , narrow and damp , '' reports cnn correspondent fred pleitgen .
607	-lrb- cnn -rrb- -- the netherlands has rejected an asylum plea by a gay iranian teenager trying to escape possible persecution in his homeland . mehdi kazemi , 19 , had originally sought asylum in britain , where he was taking classes on a student visa , because , he said , his boyfriend had been executed in iran after saying he and kazemi had been in a gay relationship . tuesday 's decision by the council of state -- the highest administrative court in the netherlands -- means kazemi could face deportation to britain , which he fears will send him back to iran .
608	-lrb- cnn -rrb- -- mychal bell , a black teenager accused of beating a white classmate and who was the last of the `` jena 6 '' behind bars , was released from custody thursday after a juvenile court judge set his bail at $ 45,000 . bell 's release followed an announcement from lasalle parish district attorney reed walters , who said he would not appeal a higher court 's decision moving bell 's case to juvenile court . wearing a blue striped golf shirt and jeans , bell walked out of the lasalle parish courthouse a week after an estimated 15,000-plus demonstrators marched through jena -- a town of about 3,000 -- to protest local authorities ' handling of the teens ' case .
609	chicago , illinois -lrb- cnn -rrb- -- political powerbroker tony rezko , whose links to presidential contender barack obama dropped him into the national spotlight this year , was convicted of money laundering , fraud and bribery charges by a federal jury wednesday . tony rezko , left , leaves federal court with his family tuesday during deliberations in his corruption trial . he was convicted of 16 of 24 charges , including 12 counts of wire and mail fraud , two counts of aiding and abetting bribery and two counts of money laundering .
610	khartoum , sudan -lrb- cnn -rrb- -- sudan 's entire state apparatus has been mobilized `` to plan , commit , and cover up crimes '' in the war-torn area of darfur , a prosecutor for the international criminal court said thursday . n. security council into its probe of crimes in darfur and the status of two men indicted for war crimes and crimes against humanity in the darfur region of sudan . he said the sudanese government `` has taken no steps to arrest '' the men , one of whom is now in charge of the government 's humanitarian affairs .
611	london , england -lrb- cnn -rrb- -- videos of the chaos and horrified reactions after the july 7 , 2005 , london transit bombings were shown to jurors thursday in the trial of three men charged with conspiracy in the case . smoke and dust fill the platform area at liverpool street station on july 7 , 2005 , after a bomb exploded . one of the videos shows the explosion of a train seconds after it leaves the liverpool street station heading for aldgate east .
612	washington -lrb- cnn -rrb- -- after months of stalemate , the senate late tuesday passed a huge government spending bill that includes billions of dollars requested by president bush to continue the war in iraq . white house officials have said president bush would sign off on the spending plan if the iraq money was added . earlier , members voted to add $ 40 billion for the war in iraq that had been removed by the house -- which passed the spending bill on monday .
613	for much of her career , the olympic gold was the one honor to elude the french rider . in 1984 the first women 's olympic road race coincided with longo-ciprelli 's rise to dominance in the sport . by 1988 , longo-ciprelli was a three-time road race world champion , as well as a double winner of the women 's tour de france , and the clear favorite for gold in seoul .
614	new york -lrb- cnn -rrb- -- for years , russian arms dealer viktor bout made millions of dollars delivering weapons and ammunition to warlords and militants , officials say . on thursday , bout and his associate , andrew smulian , were arrested in thailand after a series of events that officials said could have come straight out of a spy novel . in a complaint filed by a dea agent , they are said to have conspired to sell millions of dollars worth of weapons to the revolutionary armed forces of colombia , or farc .
615	baghdad , iraq -lrb- cnn -rrb- -- a top iraqi political figure -- who also is an imam at a prominent shiite mosque in the capital -- urged the abolition of militias friday and decried violence and pervasive corruption in baghdad 's sadr city . sheikh jalal al-din ali al-saghir , speaking at buratha mosque , blamed the corruption on followers of anti-american shiite cleric muqtada al-sadr . al-saghir is the most senior representative in baghdad of grand ayatollah ali al-sistani , arguably the most influential shiite cleric in iraq .
616	london , england -- a colombian sculptor has created a mystery at london 's tate modern gallery by refusing to reveal how she seemingly managed to crack open a concrete floor . the work by doris salcedo begins as a hairline crack then widens and deepens as it snakes across the full 167 meters -lrb- 548 feet -rrb- of the former power station 's turbine hall . she refused to say how she managed seemingly to crack open a concrete floor .
617	s. health officials said wednesday they have found a contaminant in a blood-thinning drug produced by baxter healthcare corp. the drug can keep potentially life-threatening blood clots from forming in the veins , arteries , and lungs . the scrutiny began after a spike in reports of health problems associated with heparin , a drug made by baxter from pig intestines at plants in china and wisconsin .
618	-lrb- cnn -rrb- -- federal drug investigators have taken over the inquiry into the january 22 death of actor heath ledger in a new york apartment , a law enforcement source told cnn thursday . actor heath ledger , 28 , died january 22 at an apartment in lower manhattan . ledger , 28 , an oscar-nominated australian actor , died of an accidental overdose of six types of medication , according to the new york city medical examiner 's office .
619	tacoma , washington -lrb- cnn -rrb- -- at a time when she really needed a miracle , annamarie ausnes found one in an unusual place . last fall , ausnes , 55 , was one of nearly 75,000 americans in need of a kidney . sandra andersen only knew ausnes as her upbeat morning customer who always ordered a short cup of coffee .
620	-lrb- cnn -rrb- -- armenian president robert kocharian declared a state of emergency saturday night after a day of clashes between police and protesters , a spokeswoman for the armenian foreign ministry said . the state of emergency will `` hopefully bring some order '' to the capital , yerevan , said salpi ghazarian , assistant to the armenian foreign minister , who spoke to cnn early sunday . '' watch a report on clashes between police and the opposition '' the embassy official estimated that the demonstrations in freedom square grew to as many as 60,000 armenians at times over the last 10 days .
621	bucharest , romania -lrb- cnn -rrb- -- france has agreed to send a battalion of troops to eastern afghanistan , a nato spokesman has said . james appathurai told reporters at a briefing that the move will help nato meet canada 's requirement that it send more troops to the volatile southern province of kandahar , where canadian troops are based . canada agreed this month to extend its commitment of about 2,500 troops until 2011 so long as nato contributes more troops to kandahar .
622	washington -lrb- cnn -rrb- -- barack obama and hillary clinton met privately thursday night at the washington home of sen. dianne feinstein , a key supporter of clinton 's presidential campaign , feinstein said friday . hillary clinton and barack obama speak wednesday at the aipac meeting .
623	new york -lrb- cnn -rrb- -- twenty-four people , including eight children , were injured in an apparent gas explosion at a harlem apartment building , the new york fire department said . the explosion blew out some of the windows in the five-story building . john rodgers , a spokesman for new york-presbyterian hospital , said sunday that four of the eight children were from the same family .
624	-lrb- cnn -rrb- -- ziprealty is a full-service residential real estate brokerage firm which uses the internet , proprietary technology and employee real estate agents to provide home buyers and sellers with value-added online service . ziprealty 's web site provides users with access to comprehensive local multiple listing services home listings data , as well as other relevant market and neighborhood information . three weeks later , on september 21 , the company celebrated the acceptance of its first real estate offer .
625	s. air force were forced out thursday over the handling of nuclear weapons , the defense department secretary said . wynne resigned over the department 's concern over two incidents , including the august flight of a b-52 bomber that flew across the country with nuclear weapons . `` focus of the air force leadership has drifted '' in terms of handling nuclear weapons and equipment , defense secretary robert gates said .
626	washington -lrb- cnn -rrb- -- a woman who helped raise a child with her female partner in vermont before the pair split can visit the girl in virginia even though that state does n't recognize same-sex unions , a court ruled friday . virginia 's supreme court ruled that janet jenkins and lisa miller 's civil union in 2000 gave vermont , and its law on same-sex unions , jurisdiction over their subsequent custody and visitation disputes . but miller took the case to a virginia court , which ruled that jenkins had no such rights there .
627	-lrb- cnn -rrb- -- it 's been a year since steve irwin , the environmentalist and tv host best known as the `` crocodile hunter , '' died . irwin 's death prompted a global outpouring of grief from fans , children and hundreds of early i-report contributors , who shared photos , videos and memories with cnn shortly after he died . patrick rodrigue of montreal , quebec we met steve and his wife and small entourage at an elephant safari park in bali , indonesia , in june 2004 during our honeymoon .
628	london , england -lrb- cnn -rrb- -- english football fans hoping to travel to moscow for this month 's champions league final between manchester united and chelsea face spiraling costs and an anxious wait for visas amid a simmering diplomatic row between the uk and russia . upwards of 50,000 fans are expected to travel to the may 21 match from the uk , defying expensive flights and warnings about a shortage of accommodation in the russian capital -- one of the world 's most expensive cities . but there were fears on thursday that russia 's stringent visa requirements for british citizens could further complicate matters for fans .
629	los angeles , california -lrb- cnn -rrb- -- the transportation security administration said friday its officers at a texas airport appear to have properly followed procedures when they allegedly forced a woman to remove her nipple rings -- one with pliers -- but acknowledged the procedures should be changed . the woman involved -- mandi hamlin -- told reporters earlier friday she was humiliated by last month 's incident , in which she was forced to painfully remove the piercings behind a curtain as she heard snickers from male tsa officers nearby . the officers `` rightly insisted that the alarm that was raised be resolved , '' the tsa said in a statement posted on its web site friday afternoon .
630	new delhi , india -lrb- cnn -rrb- -- an indian woman accused of being a witch was tied to a tree and beaten by a mob , with television footage of the incident aired in india on friday . nishant tiwari , a police official in northeastern india , said a journalist who filmed the beating called him thursday to report the incident , which took place in the village of dumaria in central eastern bihar state . he arrived to find the woman tied to a tree , her hair partially cut and her complexion ruddy from being slapped .
631	baghdad , iraq -lrb- cnn -rrb- -- court proceedings in the trial against tariq aziz , one of the best-known faces of saddam hussein 's former regime in iraq , and several co-defendants have ended after being in session only briefly tuesday . the trial of tariq aziz , pictured here in a baghdad courtroom in july 2004 , has begun . the trial , which is to resume may 20 , was delayed because one of the defendants , ali hassan al-majeed , also known as `` chemical ali , '' was not present because he was ill .
632	s. embassy in belgrade is evacuating all nonessential personnel following thursday 's attack on the building by a crowd of protesters , a spokesman for the embassy told cnn friday . the embassy was closed friday , and a handful of riot police holding shields stood outside the building , its outer walls blackened from fires set the night before and some of its windows smashed . it will remain closed until monday or tuesday so officials can assess the damage , said bill wanlund , the embassy 's spokesman .
633	clarke , whose science fiction and non-fiction works ranged from the script for `` 2001 : a space odyssey '' to an early proposal for communications satellites , has died at age 90 , associates have said . clarke had been wheelchair-bound for several years with complications stemming from a youthful bout with polio and had suffered from back trouble recently , said scott chase , the secretary of the nonprofit arthur c. in a videotaped 90th birthday message to fans , clarke said he still hoped to see some sign of intelligent life beyond earth , more work on alternatives to fossil fuels -- and `` closer to home , '' an end to the 25-year civil war in sri lanka between the government and ethnic tamil separatists .
634	jakarta , indonesia -lrb- cnn -rrb- -- indonesia has temporarily grounded all adam air flights starting wednesday because it says the discount airliner `` failed to implement quality standards for its aircraft . '' officers examine an adam air plane which halted suddenly in the middle of the runway in surabaya in february 2007 . in effect , adam air will not be allowed to operate any airplanes effective 12 a.
635	-lrb- cnn -rrb- -- austrian investigators monday released more details about the elaborate underground cellar where josef fritzl kept his daughter imprisoned for 24 years , along with three of their children . investigators believe fritzl planned to build the cellar as early as 1978 , shortly after , according to his daughter , he began raping her at age 11 or 12 , said police spokesman franz polzer . the 73-year-old austrian began building the dungeon as part of an addition to his home that year , and simply added the hidden space -- which was not recorded in any building plans -- polzer said .
636	-lrb- cnn -rrb- -- croatia held off a furious late onslaught from euro 2008 co-hosts austria to win 1-0 in their opening group b match in vienna on sunday . slaven bilic 's team dominated the first half , and should have gone further ahead in the 35th minute but olic 's strike partner mladen petric blazed over the bar with a left-foot volley after beating the offside trap to run on to vedran corluka 's cross . however , the home players kept battling in the second half and squandered a series of chances to level the score in the final 15 minutes .
637	john deaves , 61 , appeared on the 60 minutes show with daughter jenny , 39 , and their child -- nine-month-old celeste , melbourne 's the age newspaper reported . last month judge steven millsteed banned the couple from having sex with each other , but released them on a three-year , $ 460 good behavior bond . the couple told 60 minutes that they fell in love in 2000 when they `` discovered each other later in life .
638	new york -lrb- cnn -rrb- -- `` the people who survived the great depression were the ones who had money to buy when everybody else was selling . i read those books , but i also asked that professor which books he thought had it completely wrong -- and i read those too . odds we get here : roubini told me that it 's `` extremely likely , even unavoidable '' that we hit this stage because `` the excess supply of new homes in the market is like we 've never seen before .
639	mexico city , mexico -lrb- cnn -rrb- -- the mexican government has ordered 2,000 troops to the u. s.-mexico border in response to a wave of drug-related violence that is blamed for 200 deaths since january , officials announced thursday . mexico has ordered troops to move near juarez , shown here with el paso , texas , in the distance .
640	the new york-based airline reconfigured 220-seater boeing 757s to 48 seats that could extend into fully flat beds . the seats also allowed passengers -- or `` guests '' as they airline prefered to describe them -- to sit face-to-face to dine or hold business meetings . the tickets carried a hefty price tag -- up to $ 9,000 roundtrip from new york to london -- but the luxuries were aimed toward more discriminating business travelers .
641	washington -lrb- cnn -rrb- -- the department of homeland security will bypass environmental and land-management laws to build hundreds of miles of border fence between the united states and mexico , homeland security secretary michael chertoff said tuesday . more than 360 miles of fence are supposed to be finished by year 's end . '' chertoff cited a congressional requirement that 361 miles of fence be completed by the end of the year .
642	-lrb- cnn -rrb- -- barcelona coach frank rijkaard has confirmed that he expects ac milan target ronaldinho to leave the nou camp at the end of this season . the brazilian 's agent has had talks with the former european champions , but barcelona have yet to agree a fee for the player . rijkaard , whose own position is under some doubt after a poor domestic season , told catalan television channel tv3 that ronaldinho may feature in barca 's final spanish league home match against real mallorca on may 11 if he recovers from injury .
643	seoul , south korea -lrb- cnn -rrb- -- the chairman of the samsung group announced his resignation tuesday , just days after his indictment amid an investigation into allegations of corruption . chairman of the samsung group lee kun-hee has been indicted for tax evasion and breach of trust . '' at least four other executives will leave their jobs at samsung , which has annual sales of nearly $ 160 billion and accounts for 18 percent of south korea 's economic output .
644	s. government has charged an international arms dealer with conspiring to sell a rebel group millions of dollars in weapons `` to be used to kill americans in colombia , '' federal prosecutors announced tuesday . viktor bout is accused of selling missiles , rockets and other weapons to farc , a colombian rebel group . viktor bout , who was recently captured in thailand , had agreed to sell the revolutionary armed forces of colombia -lrb- farc -rrb- surface-to-air missiles , armor-piercing rocket launchers , `` ultralight '' airplanes , unmanned aerial vehicles , and other weapons , the u.
645	baghdad , iraq -lrb- cnn -rrb- -- turkish troops fired artillery shells into northern iraq on wednesday nearly a week after turkey completed its eight-day ground offensive targeting kurdish militants , an iraqi official told cnn . jabbar yawer , spokesman for iraq 's kurdish regional government security forces , said at least 16 rounds were fired on dashti barzji -- an uninhabited area in iraq 's irbil province located about 12 miles from iraq 's border . the turkish military for months has been conducting cross-border airstrikes and artillery fire in northern iraq against members of the kurdistan workers ' party , or pkk -- militants who have been launching attacks against turkey from bases in northern iraq .
646	orlando , florida -lrb- cnn -rrb- -- the man accused of trying to sneak bomb-making materials on a flight from orlando to jamaica admitted he planned to build a bomb after he landed , according to an fbi agent . '' the man said he planned to `` detonate the device on a tree stump in jamaica , but later told us he was going to show friends how to build explosive devices like the kind he saw in iraq , '' fbi agent kelly boaz said in a court affidavit . s. army officials said brown was in the service from september 1999 through december 2003 , when he received an honorable discharge .
647	london , england -lrb- cnn -rrb- -- the uk 's prince harry has been serving on the frontline in afghanistan and seen combat , but his deployment will be reviewed after the news was leaked by a u. `` at the end of the day i like to sort of be a normal person , and for once i think this is about as normal as i 'm ever going to get , '' the 23-year-old prince said in a recent interview . watch prince harry on the front lines in afghanistan '' his duties include calling in airstrikes and air support when necessary , guaranteeing the accuracy of bombing on the ground and guarding against incidents of friendly fire .
648	yangon , myanmar -lrb- cnn -rrb- -- residents in this sprawling river delta city hacked their way through downed trees and trudged through knee-deep swirling brown waters monday as they tried to pick up the pieces of their lives after a deadly cyclone ravaged the southeast asian country over the weekend . the international federation of red cross and red crescent societies said it has released 200,000 swiss francs -lrb- about $ 190,000 -rrb- to help with the aftermath . the tropical cyclone , packing winds of up to 150 miles -lrb- 241 km -rrb- per hour , slammed into myanmar over the weekend , killing as many as 350 people .
649	london , england -- american basketball is planning to create up to five new european franchises who would compete for the nba championship , according to a report by sports illustrated . the astonishing claims come hard on the heels of plans by the football 's english premier league to play matches overseas and underline the growing trend of globalization in major sports leagues . this was further evidenced by super bowl champions new york giants playing a regular nfl season game against the miami dolphins at wembley stadium in london , but the nba 's leaked plans go far beyond that .
650	-lrb- cnn -rrb- -- manchester city have sent representatives to brazil in the hope of persuading ronaldinho to sign for them . city chairman garry cook told bbc radio five live on sunday that ronaldinho 's spanish club barcelona had given city permission to speak to the player about a move to eastlands . 5 million set aside to bring in ronaldinho , who could well become the english premier league 's highest paid player .
651	tehran , iran -lrb- cnn -rrb- -- iraq 's prime minister nuri al-maliki on sunday tried to allay iranian fears over a planned u. iranian president mahmoud ahmadinejad , left , greets iraq 's prime minister nuri al-maliki on sunday . `` iraq today does n't present any threat as it used to be in the times of the former regime , '' al-maliki told iranian president mahmoud ahmadinejad during a sunday meeting between two leaders , according to a statement from the prime minister 's office .
652	-lrb- cnn -rrb- -- a tornado pummeled pensacola , florida , thursday , severely damaging a church with an attached day care center , destroying homes and leaving thousands of homes and businesses without power , the mayor said . `` we had about 15 or 20 minutes notice from the weather service that doppler radar indicated that there was , in fact , a rotation in this one severe thunderstorm , '' mayor john fogg said . '' the day care center next to the greater little rock baptist church `` took a direct hit , '' but the children already had been moved to a safer location , said glenn austin , spokesman for the escambia county sheriff 's office .
653	dallas , texas -lrb- cnn -rrb- -- a police officer was killed friday morning in a motorcycle accident as sen. a dallas police officer since december 1988 , lozada-tirado was married with four children , according to police . clinton said she called the dallas police chief and would contact the officer 's family at an appropriate time .
654	s. air force b-1 bomber caught fire friday after a landing at al-udeid air base in qatar , u. they said the fire began while the plane was taxiing after landing about 9:10 p. al-udeid , about 20 miles south of qatar 's capital of doha , has the military 's longest runway in the middle east .
655	baghdad , iraq -lrb- cnn -rrb- -- the fighting that erupted in baghdad 's sadr city last month has killed 925 people and wounded 2,605 , a top government official said wednesday . most of the casualties consist of civilians and `` criminal elements attacked by us , '' said tahseen al-sheikhly , a spokesman for the baghdad security crackdown called operation enforcing the law . in march , the total was 923 civilians killed and 1,358 wounded -- a sharp increase over february , when 633 died and 701 were wounded .
656	tegucigalpa , honduras -lrb- cnn -rrb- -- he 's no julia child , but honduran president manuel zelaya showed tuesday he can attack a cantaloupe and u. `` it 's not in our fruit , '' he said about last week 's report by the u. '' then , the 55-year-old father of four asked the viewers of cnn en español to indulge him as he engaged in a show-and-tell demonstration .
657	jena , louisiana -lrb- cnn -rrb- -- thousands of protesters clogged the tiny town of jena , louisiana , thursday to show their indignation over what they consider unjust , unequal punishments meted out in two racially charged incidents . they swarmed over the grounds of jena high school , where nooses were hung from a tree in early august 2006 , about three months before six black teens known as the `` jena 6 '' were accused of beating a white classmate . while the tension was palpable , news broke thursday afternoon that the 3rd circuit court of appeal ordered a hearing within 72 hours to determine if the only one of the six still behind bars can be released .
658	phoenix , arizona -- new england 's failure to protect star quarterback tom brady proved the decisive factor as the patriots flunked their chance of a perfect 19-0 season and super bowl glory . brady has weaved his magic behind an all but impregnable offensive line all season but not on sunday as he was sacked five times in the 17-14 defeat to the new york giants . '' coming in , brady had been sacked a career-low 24 times this season playing behind a line that produced three pro bowlers in koppen , left tackle matt light and left guard logan mankins .
659	-lrb- cnn -rrb- -- al-jazeera broadcast on thursday an audiotape on which a voice identified as osama bin laden declares `` iraq is the perfect base to set up the jihad to liberate palestine . '' terrorist leader osama bin laden spoke on a video released by al qaeda in september . '' the broadcast comes a day after another statement attributed to the al qaeda leader condemned european countries for siding with the united states in afghanistan and for allowing the publication of cartoons considered insulting to islam 's prophet , mohammed .
660	-lrb- cnn -rrb- -- a marine who survived being burned over more than 95 percent of his body in iraq and established a charity to help burned children has died , the military has announced . he was severely wounded february 21 , 2005 , en route to camp ramadi when his humvee hit a roadside bomb . he was not expected to survive , but he was transported to germany and then to brooke army medical center in texas , which has the u.
661	los angeles , california -lrb- cnn -rrb- -- democratic rivals hillary clinton and barack obama spent their last debate before next week 's super tuesday contests pointing out differences on iraq , health care and the economy -- but without all of the finger-pointing that 's marked their campaigns . he said clinton 's vote to authorize the use of force there would undermine her efforts to bring it to an end . clinton defended her vote , saying she was told by the white house that it would be used initially to return weapons inspectors to see whether saddam hussein had an active weapons program .
662	bucharest , romania -lrb- cnn -rrb- -- france has agreed to send a battalion of troops to eastern afghanistan , a nato spokesman has said . james appathurai told reporters at a briefing that the move will help nato meet canada 's requirement that it send more troops to the volatile southern province of kandahar , where canadian troops are based . canada agreed this month to extend its commitment of about 2,500 troops until 2011 so long as nato contributes more troops to kandahar .
663	san diego , california -lrb- cnn -rrb- -- in a recent commentary , i wrote that , as a mexican-american , the ugliness of the immigration debate offends me -- not as a mexican , but as an american . a woman wrote in and asked me to be more specific : just what was it about the immigration debate that was so ugly ? after nearly 20 years of writing opinions and insisting that i do n't speak for all hispanics , in recent months , i 've heard from hundreds of hispanics who -- appreciative of my middle-ground approach to the immigration issue -- insist that i can speak for them anytime .
664	-lrb- cnn -rrb- -- manchester united star cristiano ronaldo has completed a notable awards double after being named player of the year by the english football writers ' association for the second year in a row . the portugal winger followed up his second successive victory in the professional footballers ' association awards , where he was voted player of the year by his peers on april 27 . the 23-year-old , who has scored 38 goals in all competitions this season , emulated the feat of barcelona 's former arsenal striker thierry henry -- the last man to collect the fwa award twice in a row , in 2003 and 2004 .
665	-lrb- cnn -rrb- -- china 's economy is booming and sheikh mohammed bin rashid al maktoum 's visit there this week highlights the u. cnn 's john defterios -lrb- jd -rrb- sits down with shaukat aziz -lrb- sa -rrb- , former prime minister to pakistan to talk about the emerging relationship . he was an influential player in the process of creating a free trade agreement between pakistan and china , after visiting the country in 2005 .
666	-lrb- cnn -rrb- -- one suspect has been charged and police are hunting for another in connection with the killing of university of north carolina student eve carson , police said wednesday . demario james atwater , 21 , was arrested early wednesday at a residence in durham , north carolina . police believe lovett was the man seen in a surveillance-camera photo possibly using carson 's card at an atm , chapel hill police chief brian curran said .
667	s. beef in 2003 amid concerns over a case of mad cow disease in the united states . it resumed limited imports last year -- allowing boneless beef from cattle under 30 months of age -- but that re-opening was subject to interruptions and closed altogether in october 2007 . a deal that south korea and the united states struck last month bans the import of high-risk materials , like tonsils , brains , spinal cord marrow and a section of the small intestine , agriculture minister chung woon-chun said thursday , according to south korea 's yonhap news agency .
668	basel , switzerland -- turkey suffered a blow when emre belozoglu was ruled out of wednesday 's critical group a clash against euro 2008 co-hosts switzerland after tearing a hamstring in training . `` unfortunately , emre is not going to play tomorrow , '' said turkey coach fatih terim ahead of the game at basel 's st jakob-park stadium . '' terim , whose side lost 2-0 against portugal in their opening game , remains confident that his team can still qualify from the group stage .
669	washington -lrb- cnn -rrb- -- ohio congressman david hobson is the latest republican to announce his exit from the house of representatives , telling constituents sunday he would step down in 2008 after nine terms . his fellow ohio republican , house minority leader john boehner , praised his `` effective leadership and dry wit '' in a statement issued sunday evening . '' hobson is the 12th gop house member to announce retirement ahead of the 2008 elections , when the republican party will be seeking to reclaim the congressional majorities it lost to democrats in 2006 .
670	washington -lrb- cnn -rrb- -- responding to recent accidents linked to pilot fatigue , federal safety officials hope reduce airline pilots ' logging 14-hour days . the faa currently allows pilots to log 14-hour workdays , which the ntsb says contributes to accidents . the national transportation safety board concluded in a report out tuesday that pilot fatigue was a probable cause in a runway landing accident during bad weather in michigan last winter .
671	los angeles -lrb- cnn -rrb- -- the man whose investigation of president clinton provided reams of tabloid fodder is now working to help crack down on photographers working for the very publications his efforts once filled . kenneth starr -- the independent counsel whose open-ended investigation of a clinton land deal veered into an intimately detailed report on the president 's affair with intern monica lewinsky -- is helping california lawmakers craft laws to crack down on celebrity-hunting packs of paparazzi . `` just imagine you 're a motorist driving down the street and britney spears parks next to you ; all of a sudden you 're swarmed by these people , '' los angeles city councilman dennis zine said .
672	-lrb- cnn -rrb- -- the remnants of tropical storm erin turned central oklahoma into a wash basin sunday , with rescuers on helicopters plucking people from flood waters and rooftops and ferrying them to safety . a middle-aged man who had stopped to help another person wound up drowning in his vehicle near kingfisher , oklahoma , and an elderly woman in fort cobb , oklahoma , who had sought protection in her storm cellar drowned there , ooten said . in kingfisher , oklahoma , the storm dropped five to 11 inches of rain in a short period of time , causing kingfisher creek to rise 25 feet and overflow its banks , said capt.
673	s. air force academy on wednesday that the `` only way america could lose the war on terror is if we defeat ourselves . speaking on a cloudy day at falcon stadium , the president compared the wars in iraq and afghanistan to america 's earlier conflicts , particularly world war ii . `` we assumed this obligation before , '' he said , referring to the rebuilding of germany and japan after world war ii , a conflict that saw the loss of more than 400,000 american lives .
674	-lrb- cnn -rrb- -- a college student who survived a boat sinking with four others said monday that a safety officer who died on their boat was a hero for staying behind and pushing him out . steven guy , a texas a&m university sailor , said roger stone saved him and another sailor by helping them to safety . the survivors -- four university students and a safety officer -- told the coast guard they were forced off their sailboat after it took on water and capsized early saturday .
675	-lrb- cnn -rrb- -- bangladesh police have detained or arrested more than 18,000 people in the last 11 days in a crackdown on crime they say is aimed at improving security ahead of december elections . the round-ups began may 28 , days after the two main political parties said they would not cooperate with the military-backed caretaker government on organizing the elections . police told cnn that by saturday 16,916 arrests had been made , while local media reported another 1,548 were arrested sunday .
676	-lrb- mental floss -rrb- -- the legend of jack daniel reaches all the way back to the moment he was born . some records show that jasper newton `` jack '' daniel came into the world on september 5 , 1846 . all of this might not normally matter , but jack 's birth date is important to his overall legend , which proudly proclaims him `` the boy distiller .
677	s. marine accused of raping a 19-year-old japanese woman last year was found guilty thursday of `` committing wrongful sexual contact and indecent acts , '' the u. s. military said , but he was acquitted of rape . tyrone luther hadnott , 38 , was charged last month with the rape of a child under 16 , abusive sexual contact with a child , making a false official statement , adultery and kidnapping , the military said .
678	3 maria sharapova has blasted the ruling body of women 's tennis over its demands for top players ahead of this month 's italian open in rome . the australian open champion is furious after being threatened with a $ 300,000 fine if she does not participate in a publicity event before the tier 1 tournament . `` i want all my fans to know that the wta tour is forcing me and several of the other top players to do a four-hour commercial shoot for wta tour marketing materials , '' sharapova told her web site .
679	colorado city , arizona -lrb- cnn -rrb- -- a 16-year-old girl in arizona has alleged sexual abuse in a fundamentalist church of jesus christ of latter-day saints community , sources in arizona told cnn friday . warren jeffs is the jailed leader of flds groups in arizona , utah , texas and elsewhere . authorities are investigating calls made by a teenage girl alleging abuse in her home by a male relative , according to the sources , who said the calls were similar to those made last week to texas authorities from the polygamist sect 's ranch in eldorado , texas .
680	com -rrb- -- as an aspiring ballerina , 9-year-old brooke burns took an aggressive approach to makeup . `` i would borrow my mom 's red borghese lipstick and smear it on like a clown ! '' she says . '' nowadays , the 29-year-old burns , a single mom , tries to pass along subtler application tips to her 7-year-old daughter .
681	com -rrb- -- we asked five stars for their innermost thoughts on perfume , then chose the season 's best new scents . how is your new fragrance , covet , different from lovely , the first one you helped create ? lovely is very polite .
682	we asked the four gorgeous stars of abc 's new tv show `` cashmere mafia '' to take part in a little experiment : if you could slip into a different guise for a day , what would it be ? `` i love the idea of wearing a dress that 's a work of art in itself , '' says the actress , who slipped easily into a red-carpet fantasy with a mouthwatering cherry-hued gown by zac posen . o'connor 's `` safety first '' approach to fashion means living mostly in simple marc jacobs pieces , but it 's a sensibility that does n't offer much in the way of frippery -- which suits her just fine .
683	com 's wayne drash writes about his maniacal love for university of memphis basketball . com 's wayne drash , left , says he 's been hooked on university of memphis basketball since he was a kid . atlanta , georgia -lrb- cnn -rrb- -- my love for university of memphis basketball is completely irrational .
684	the wwf 's latest living planet index shows terrestrial , freshwater and marine species all suffered declines in their populations between 1970 and 2005 , with freshwater species experiencing the biggest drop . terrestrial species in both temperate and tropical areas fell by an average of 25 percent during the 35-year period , the wwf said . marine species fell by 28 percent in the same period , with a dramatic decline between 1995 and 2005 , the wwf said .
685	-lrb- cnn -rrb- -- three protesters scaled the golden gate bridge monday and unfurled a `` free tibet '' banner , a likely precursor to large protests when the olympic torch arrives wednesday in san francisco , california . members of students for a free tibet climbed the bridge to place these banners , said the group 's spokesman . the climbers -- who were on the bridge for about three hours -- came down voluntarily about 1:15 p.
686	madrid , spain -lrb- cnn -rrb- -- the search is back on for words to the spanish national anthem . the lack of lyrics in spain 's anthem has long created awkward moments for winning spanish athletes at the olympics . with the summer olympic games fast-approaching , the spanish olympic committee stirred the lyric-writing impulses of spaniards by sponsoring a competition to provide words for the anthem .
687	-lrb- cnn student news -rrb- -- record the cnn special investigations unit classroom edition : autism is a world when it airs commercial-free on monday , march 31 , 2008 from approximately 4:00 -- 5:00 a. '' sue has autism , and until age 13 , she was unable to communicate or control her unusual behavior . sue rubin , autism spectrum disorders , pervasive developmental disorder , mental retardation , non-verbal , disability , relationships , self-abusive behaviors , motor skills , emotions , learning , language , communication system , sensory integration , echolalia , independent living , hud , support services , whittier college , intelligence , neurobiology , dr.
688	n. security council failed to reach a consensus when it met to consider condemning an attack that killed eight people at a prominent jewish seminary as an act of terrorism . ibrahim dabbashi , libya 's deputy ambassador to the united nations , said the attack on the school was no different than israeli military offensives against militants in gaza . but dan gillerman , israel 's ambassador to the united nations , said he saw no connection between thursday 's shooting and israel 's operations in gaza .
689	london , england -lrb- cnn -rrb- -- on march 30 the open skies treaty went into effect , liberalizing air travel between the u. the treaty puts an end to the exclusive arrangement granted to british airways , virgin atlantic , united airlines and american airlines to fly transatlantic out of london heathrow . as a result competition is fierce for heathrow slots , with airlines paying as much as $ 60 million to get their hands on them .
690	sydney , australia -- eamon sullivan regained the 50-meter freestyle world record with a 21. after missing out on bernard 's 100m record late on wednesday , sullivan said he hoped to improve his 50m time in friday 's final . `` it 's sweet to get the record back off alain after missing out on the 100m world record last night and after he broke the 50m record so quickly after i did it .
691	-lrb- cnn -rrb- -- at least three tornadoes caused massive damage in virginia and injured more than 200 people on monday , officials said . at least 200 were injured in suffolk where a twister destroyed several homes and businesses , said bob spieldenner of the virginia department of emergency management . a third twister damaged several homes near lawrenceville , about 70 miles south of richmond , said bryan jackson , a meteorologist with the national weather service , which confirmed all three tornadoes .
692	-lrb- mental floss -rrb- -- in the words of vice president john nance garner , the vice presidency `` is n't worth a pitcher of warm piss . '' vice president aaron burr is best known for shooting and killing alexander hamilton in a duel in 1804 . even with the kickback scandal and claims that he 'd been born in canada -lrb- which should 've disqualified him for the vice presidency -rrb- , arthur still managed to get elected on james garfield 's 1880 ticket .
693	his athletic grace has won him fans wherever he has performed , and his dedication to the art continues to bring ballet to new audiences . founded in 1998 , his k-ballet company has built on the success he acheived at the royal ballet in covent garden , london . born in sapporo on hokkaido -- japan 's north island -- in 1972 , kumakawa took up ballet after seeing his eight year-old cousin , hironao perform at school in sapporo .
694	baghdad , iraq -lrb- cnn -rrb- -- attackers launched assaults across iraq over the past 24 hours , killing 11 police recruits and six civilians , including a 7-year-old . the violence erupted as a peace agreement was taking hold in baghdad 's sadr city , for weeks the scene of battles between iraqi security forces and shiite militias . a suicide bomber exploded his vest outside the house of an awakening council leader , sheikh mutleb al-nadawi , about 50 miles -lrb- 80 kilometers -rrb- east of baquba in diyala province , the military command in diyala said .
695	tokyo , japan -lrb- cnn -rrb- -- police found three men dead in a car parked outside a spa monday morning -- the latest in a string of suicides involving detergent , officials said . according to local media reports , more than 60 people have committed suicide across japan in the last month by mixing detergent and other chemicals , and inhaling the hydrogen sulfide gas that results . in western japan , police found a 21-year-old man with a plastic bag over his head monday .
696	com -rrb- -- it takes a truly adventurous actress to pull off a razored mohawk , a platinum pixie and a louise brooks bob , but we 'd expect nothing less from the ever provocative selma blair , who experimented with all three looks in under a year . '' `` i have no fears when it comes to my hair or clothes , '' proclaims the 36-year-old star of nbc 's upcoming mom-and-daughter sitcom `` kath and kim '' and july 's action flick `` hellboy ii : the golden army . blair 's signature look : `` a rosy cheek , a smudgy eye , a lot of mascara -- i look like a doll that has too much makeup on , and i love it ! '' have you always been a beauty chameleon ?
697	s. army colonel pleaded guilty tuesday to awarding contracts in iraq to a kuwait-based firm in exchange for gifts . levonda selph of virginia admitted accepting $ 4,000 in cash and a $ 5,000 vacation to thailand from the unidentified contractor , which was awarded $ 12 million in contracts to operate defense department warehouses in iraq . prosecutors said selph was a lieutenant colonel at camp victory in iraq in 2004 and 2005 when she led a committee that awarded the warehouse contracts .
698	-lrb- cnn -rrb- -- the 19-year-old woman whose hospitalization exposed a shocking austrian incest case is recovering well and wants to see the ocean and a pop concert , her doctors and a family lawyer said wednesday . kerstin fritzl , whom doctors placed in an artificial coma after she was admitted to a hospital in april for multiple organ failure , is now well enough to speak , stand and walk with assistance , her doctors said . watch doctors describe what happened when the teen opened her eyes '' the two parts of her family -- those who were locked in a basement , like kerstin , and those who lived above ground , apparently unaware of the abuse of their mother and siblings -- are getting to know each other again , the doctors and the family 's lawyer said .
699	-lrb- cnn -rrb- -- census-takers are fanning out across sudan this week in a landmark headcount meant to determine how to divide power and wealth in the war-weary african nation . the census is a key component of a 2005 peace agreement that ended a 22-year civil war which killed 2 million people and displaced an estimated 4 million others . the war pitted a government dominated by arab muslims in northern sudan against black christians and animists in the south .
700	the violence spread to the rift valley town of naivasha on sunday , where the red cross said there were reports of people being burned alive in their homes . ethnic killings continued in the nearby rift valley town of nakuru , where another 47 people have died since the latest wave of violence began on thursday , according to the opposition orange democratic movement . watch cnn 's zain verjee report on the violence '' in a statement released sunday , odm leader raila odinga condemned reports of 30 people being burned alive in their naivasha homes and blamed the kibaki government for fomenting the violence in the region .
701	keith oppenheim is covering the controversy in irving , texas over authorities ' efforts to find illegal immigrants . protesters in irving , texas , demonstrate against a program that checks the immigration status of anyone arrested . so , it came as a surprise to me when i learned some latino men , day laborers who were standing around and hoping to get some work , thought i was a federal immigration officer .
702	-lrb- cnn -rrb- -- an ohio distributor is recalling about 6 million chinese-made tire valve stems after concluding that some of them were improperly made and could increase the risk of accidents . an ohio distributor is recalling 6 million chinese-made car tire valve stems . tech international , the part 's johnstown , ohio-based distributor , estimates that just 8,600 of roughly 6 million of those valves are defective .
703	new delhi , india -lrb- cnn -rrb- -- flight attendant sheela joshi is 5 feet , 4 inches and 148 pounds . joshi , 50 , has been an air hostess -- as they are still called in india -- for the national airline for 26 years . the airline says that someone who is sheila 's age , height and weight should weigh 143 pounds -lrb- 65 kilograms -rrb- .
704	com -rrb- -- it takes a truly adventurous actress to pull off a razored mohawk , a platinum pixie and a louise brooks bob , but we 'd expect nothing less from the ever provocative selma blair , who experimented with all three looks in under a year . '' `` i have no fears when it comes to my hair or clothes , '' proclaims the 36-year-old star of nbc 's upcoming mom-and-daughter sitcom `` kath and kim '' and july 's action flick `` hellboy ii : the golden army . blair 's signature look : `` a rosy cheek , a smudgy eye , a lot of mascara -- i look like a doll that has too much makeup on , and i love it ! '' have you always been a beauty chameleon ?
705	-lrb- cnn -rrb- -- turkey snatched a last-gasp winner to eliminate euro 2008 co-hosts switzerland and keep their own quarterfinal hopes alive with a 2-1 victory in rain-drenched basel on wednesday night . arda turan scored with a deflected effort in the third minute of time added on to set up a group a finale against the czech republic on sunday to determine who takes the second quarterfinal place behind portugal . the turks came from behind after hakan yakin gave the swiss a 32nd-minute lead , with substitute striker semih senturk heading a 57th-minute equalizer through the hands of goalkeeper diego benaglio .
706	new york -lrb- cnn -rrb- -- it 's been five years since carrie bradshaw journeyed to paris in search of true love on the series finale of `` sex and the city . sarah jessica parker was a driving force in creating the `` sex and the city '' movie . now that the movie is out , parker -- who 's a producer of the film as well as one of its stars -- talked about the journey to making a big-screen `` sex and the city '' with `` showbiz tonight '' anchor a.
707	-lrb- cnn -rrb- -- croatia sent out a message of intent to the other euro 2008 finalists as they stunned highly-fancied germany 2-1 in klagenfurt to secure a place in the quarterfinals . lukas podolski pulled a goal back late on for germany with his third strike in two games to set up a nail-biting finale , but there was to be no way back for joachim loew 's team , who finished with 10 men following the 90th-minute dismissal of substitute bastian schweinsteiger . the ball did find its way into the back of the net in the 22nd minute when germany striker mario gomez slotted home past stipe pletikosa but the offside flag had already gone up against the stuttgart man .
708	there 's paperwork to fill out , employees to hire , and all sorts of other drudgery , not to mention the biggest hurdle of all : providing a product or service for which customers are willing to pay . with their connections in place , fisk and gould started buying up gold in september 1869 , quickly driving the price of gold up by around 30 percent . once grant and his advisors got wise to the situation , though , the government quickly sold off $ 4 million in gold to break the corner , effectively killing the inflated prices on september 24 .
709	wayne rooney and coleen mcloughlin are to be paid $ 5 million for the picture rights to their wedding . wayne rooney , the best english footballer of his generation , and coleen mcloughlin , his high school sweetheart , were to marry in an estimated $ 10 million ceremony in italy thursday . one littered with fierce criticism from the british press , which has enjoyed nothing more than lampooning rooney and mcloughlin for being ` common .
710	kathmandu , nepal -lrb- cnn -rrb- -- nepal 's former king said wednesday he is not going to leave his country even though the monarchy has been abolished . ex-king gyanendra , 60 , made remarks to reporters before departing the narayanhiti royal palace in kathmandu . he will live as a civilian in the former himalayan kingdom that was made a republic last month , and he will reside in a summer palace on a forested hilltop outside the capital .
711	wayne rooney and coleen mcloughlin are to be paid $ 5 million for the picture rights to their wedding . wayne rooney , the best english footballer of his generation , and coleen mcloughlin , his high school sweetheart , were to marry in an estimated $ 10 million ceremony in italy thursday . one littered with fierce criticism from the british press , which has enjoyed nothing more than lampooning rooney and mcloughlin for being ` common .
712	cindy mccain has a master 's degree in special education . it 's not like deciding whether to press the nuclear button , but first ladies in the united states can wield enormous influence in politics and in society . the two women poised for the job , 54-year-old cindy mccain , wife of republican sen.
713	harare , zimbabwe -lrb- cnn -rrb- -- zimbabwe 's president robert mugabe has warned that veterans he commanded in his country 's liberation war will take up arms again to prevent the opposition party from taking power . mugabe -- zimbabwe 's only leader since that struggle ended in 1980 -- faces a june 27 runoff with morgan tsvangirai of the opposition movement for democratic change -lrb- mdc -rrb- . mugabe told supporters that tsvangirai would turn the country back over to white control if he won the runoff .
714	london , england -lrb- cnn -rrb- -- graeme le saux played more than 400 matches for blackburn , chelsea and southampton , winning a premier league title and 36 international caps . don riddell : graeme , you 're happily married with two children but during your football career everyone thought you were gay and the experience was pretty miserable . graeme le saux : the culture of football back in the 80s was very different , something i found very hard to relate to and subsequently i found myself a little bit isolated and ostracized from certain people .
715	hannover , germany -- germany maintained the pressure on the czech republic in the race for top spot in group d with a comfortable 4-0 win against cyprus in hannover . both sides have already qualified for euro 2008 but germany showed no sign of letting up as bayern munich pair miroslav klose and lukas podolski struck either side of half-time to build on clemens fritz 's second-minute opener . thomas hitzlsperger added the fourth in the 82nd minute as germany claimed their eighth win in the group to move level with the czech republic on 26 points .
716	tokyo , japan -lrb- cnn -rrb- -- three people were killed and at least 84 were injured saturday morning when a magnitude 7. officials said the earthquake led to the buckling of highways and caused some bridges to collapse . cabinet secretary nobutaka machimura said one man was killed when he was buried in a landslide in fukushima prefecture and the other was struck by a truck as he rushed out of his house in iwate prefecture .
717	london , england -- britain 's princess eugenie has been reprimanded by her school after being caught frolicking naked on college grounds , it was reported saturday . the 18-year-old daughter of prince andrew , duke of york , and sarah ferguson , was apprehended for her involvement in end of term `` high jinks '' at the exclusive marlborough college , west of london , the uk press association said . princess eugenie , the sixth in line to the british throne , is studying art , history of art and english at the $ 46,000-a-year college , pa said .
718	-lrb- cnn -rrb- -- the 19-year-old woman whose hospitalization exposed a shocking austrian incest case is recovering well and wants to see the ocean and a pop concert , her doctors and a family lawyer said wednesday . kerstin fritzl , whom doctors placed in an artificial coma after she was admitted to a hospital in april for multiple organ failure , is now well enough to speak , stand and walk with assistance , her doctors said . watch doctors describe what happened when the teen opened her eyes '' the two parts of her family -- those who were locked in a basement , like kerstin , and those who lived above ground , apparently unaware of the abuse of their mother and siblings -- are getting to know each other again , the doctors and the family 's lawyer said .
719	-lrb- cnn -rrb- -- the iowa army national guard 's 1st battalion , 133rd infantry received an emotional welcome home july 25 -- more than a year and a half after leaving for iraq . more than 600 soldiers marched on the field at riverfront stadium in waterloo , iowa , in front of thousands of friends and family members . i-reporter myke goings captures iowa national guard soldiers celebrating their return from iraq .
720	london , england -lrb- reuters -rrb- -- police closed streets near london 's canary wharf financial district on saturday after an unexploded german flying bomb from world war ii was found on a construction site . wwii bombs are unearthed across europe , often during building excavations , such as this one in france . bomb disposal experts were called in to make the v1 missile safe after it was unearthed close to the east london complex that houses 80,000 office workers during the working week , police said .
721	cedar rapids , iowa -lrb- cnn -rrb- -- floodwaters inundated iowa city and the university of iowa arts campus on sunday despite what one official called a `` herculean effort '' to hold back the water with sandbags . '' some 500 to 600 homes were ordered to evacuate and others faced a voluntary evacuation order through the morning , said iowa city mayor regenia bailey . 5 feet and was expected to remain at that level until monday , city and state officials said sunday .
722	kathmandu , nepal -lrb- cnn -rrb- -- nepal 's new government has converted its deposed king 's opulent palace into a museum and unfurled the national flag on sunday as a symbolic move to signify the end of monarchy . `` the national flag is fluttering in the hands of the people in the royal palace now , '' said prime minister girija prasad koirala at a ceremony at the former palace sunday . ex-king gyanendra , 60 , left narayanhiti royal palace on wednesday .
723	-lrb- cnn -rrb- -- a suspected arms dealer accused of conspiring to sell weapons to colombian guerrillas was extradited friday from spain to the united states , the u. monzer al kassar had been wanted for decades before he was arrested in an undercover operation in spain last year . justice department officials say he has been a source of weapons and military equipment for armed combatants since the 1970s .
724	london , england -lrb- cnn -rrb- -- britain 's queen elizabeth celebrates her 82nd birthday saturday with a parade and military ceremony known as `` trooping the color . '' britain 's queen elizabeth attends the derby festival at epson downs horse race course on june 7 . the queen 's birthday is actually april 21 , but she officially celebrates it every year on a saturday in june when good weather is more likely , according to buckingham palace .
725	gaza city , gaza -lrb- cnn -rrb- -- a truce between israel and gaza 's hamas leaders will take effect thursday and last for six months , hamas officials said tuesday . '' hamas senior official mahmoud zahar and hamas negotiator khalil al-hayya announced the egyptian-brokered agreement at a news conference in gaza . militants in hamas-controlled gaza have pummeled israel with thousands of rocket and mortar attacks , prompting israeli military operations in the palestinian territory .
726	washington -lrb- cnn -rrb- -- former terrorist suspects detained by the united states were tortured , according to medical examinations detailed in a report released wednesday by a human rights group . the massachusetts-based physicians for human rights reached that conclusion after two-day clinical evaluations of 11 former detainees , who had been held at the abu ghraib prison in iraq , at guantanamo bay , cuba , and in afghanistan . in a 121-page report , the doctors ' group said that it uncovered medical evidence of torture , including beatings , electric shock , sleep deprivation , sexual humiliation , sodomy and scores of other abuses .
727	s.-mexican border city of juarez on friday to quell a wave of drug-related violence blamed for 200 deaths since january , the city 's mayor said . `` two rival drug cartels tried to push each other out of the city , '' jose reyes ferriz told cnn . among those killed were about 20 police officers representing the state , the military and the federal and city governments , he said .
728	-lrb- cnn -rrb- -- al qaeda leader osama bin laden will address the west in a new message , according to a banner ad from the group 's production wing posted on islamist web sites known to carry messages from al qaeda and bin laden . `` to the western nations , soon , god willing , a new speech by the lion of islam sheikh osama bin laden , the reasons of the struggle in the 60th anniversary of the israeli occupation , '' the banner reads . bin laden 's last message came march 20 , when in an audiotape he called iraq `` the perfect base to set up the jihad to liberate palestine .
729	gladstone , illinois -lrb- cnn -rrb- -- residents of this small town in illinois , like many others who live along the banks of the surging mississippi river , raced against the clock tuesday to erect a makeshift levee as rising floodwaters threatened . '' gladstone is one of many towns under threat tuesday after rising waters breached a 300-foot area of a levee near gulf port , illinois , before 5 a. rod blagojevich called up 1,100 national guard members to assist in sandbagging efforts , said patti thompson of the illinois emergency management agency .
730	washington -lrb- cnn -rrb- -- the director of federal emergency management agency on sunday defended giving away an estimated $ 85 million in hurricane relief supplies , blaming louisiana officials for turning down the stockpiles . '' a cnn investigation revealed last week that fema gave away 121 truckloads of material the agency amassed after 2005 's hurricane katrina . the material was declared surplus property and offered to federal and state agencies -- including louisiana , where groups working to resettle hurricane victims say the supplies are still needed .
731	barack obama monday proposed spending billions to revitalize the nation 's economy , a plan the campaign of his likely republican opponent said would slow economic growth with higher taxes . during an economic speech in flint , michigan , obama promised to spend billions to improve america 's education , infrastructure , energy and health care systems . '' watch obama call for america to compete in the global economy '' obama said he disagreed with those who want to `` build a fortress around america ; to stop trading with other countries , shut down immigration , and rely on old industries .
732	world-renowned security expert gavin de becker says this weapon exists , but you already have it . a man offers to help carry her groceries into her apartment -- and instantly , kelly does n't like the sound of his voice . ' '' nicole 's funny feeling eventually escalated into full-fledged panic attacks , which gavin says were her intuition 's way of telling her that something was wrong .
733	moscow , russia -- uefa have confirmed that slovakian referee lubos michel will take charge of wednesday 's champions league final between manchester united and chelsea in moscow . michel , 40 last week , is remembered by chelsea fans for controversially awarding a goal to liverpool against the londoners in the semifinals of the 2005 competition . michel is regarded as one of the top referees in the world and officiated at euro 2004 and the 2006 world cup , including the tense germany v argentina game in the first knock-out round .
734	dubai , united arab emirates -lrb- cnn -rrb- -- the british foreign office has warned its nationals -- traveling to or living in the united arab emirates -- about the increased threat of a terrorist attack . in 2006 over one million britons visited the united arab emirates , according to the uk foreign office . the alert , posted on its web site , urged britons in the oil-rich gulf kingdom to be vigilant -- especially in public places -- because of a `` high threat of terrorism .
735	london , england -lrb- cnn -rrb- -- kimi raikkonen has lambasted mclaren 's lewis hamilton for the pit-lane accident that ended both of their races at the canadian grand prix . ferrari 's kimi raikkonen is far from happy after lewis hamilton pushed him out of the canadian grand prix . hamilton 's mclaren rammed into the back of world champion raikkonen 's ferrari as the finn and robert kubica , the race 's eventual winner , were waiting at a red light after the safety car was forced into action on lap 17 .
736	-lrb- cnn -rrb- -- a woman who gave birth to a stillborn boy was left distraught after she discovered his body was kept in a jar for four years by the hospital . pa reported that ms burrows had daughter ellie in april 2004 at the hythe birthing centre , in hampshire , but gave birth to the stillborn twin two days later at home . after the stillbirth , ms burrows , 44 , was taken to the princess anne maternity hospital in southampton , also in southern england , where she gave her consent for the body to be cremated .
737	brazilian coach zico is leaving turkish club fenerbahce , after failing to reach an agreement over a new contract . zico guided fenerbahce to a league and super cup double intheir centenary year . zico , 55 , joined the club in july 2006 on a two-year deal and he guided them to a league and turkish super cup double in 2007 , their centenary year .
738	omaha , nebraska -lrb- cnn -rrb- -- dozens of calls flooded the omaha police department 's 911 emergency line after a gunman opened fire inside the city 's westroads mall , with witnesses calling in tones that ranged from almost matter-of-fact to near terror . '' in one of the recordings , provided to cnn by the police department , a rapid burst of three gunshots can be heard , followed by two more a moment later before the line goes dead . a woman who called 911 before ducking into a security office in the store said she heard the gunman demand that a vault be opened near the store 's customer service area .
739	-lrb- cnn -rrb- -- andre berto claimed the vacant world boxing council welterweight title when he halted miguel rodriguez in the seventh round in memphis . berto floored rodriguez with an uppercut in the seventh round and when rodriquez went down a second time referee lawrance cole intervened at 2:13 . dane mikkel kessler knocked out dimitri sartison in the 12th round in copenhagen , to become world boxing association supermiddle champion .
740	and you know , she 's refining it now i think as we 're going into the general election , '' said senior obama adviser valerie jarrett . michelle obama graduated from harvard law school , was a vice president at the university of chicago and landed a job as a health care executive making $ 275,000 a year . watch what michelle obama would be like as first lady '' `` she has staff engaged in simply part of the process of growing to a general election campaign and putting a strategy together to help people get to know her , '' lelyveld said .
741	-lrb- cnn -rrb- -- the son of a man who died from intestinal problems says he now wonders whether his father 's wife might have poisoned him . betty neumar , 76 , was charged by north carolina authorities last month with one count of solicitation of murder in the july 1986 death of harold gentry , one of her five dead spouses since the 1950s . neumar 's son appeared on `` nancy grace '' on wednesday along with jay almond , a news editor with the stanly news and press in north carolina .
742	-lrb- cnn -rrb- -- investigators looking for the source of a salmonella outbreak linked to tomatoes will focus on farms in mexico and florida , federal health authorities said friday . since april , more than 500 people have contracted the same strain of salmonella , linked to raw tomatoes . the reported advance in the investigation came as the toll mounted , with 552 people identified as having contracted the strain of salmonella saintpaul since april in 32 states and the district of columbia .
743	washington -lrb- cnn -rrb- -- congress passed a $ 300 billion farm bill over president bush 's veto for a second time wednesday , a step made necessary by a clerical error when the original bill passed . congress overrode an earlier veto of the farm bill last month , even though lawmakers had discovered that 34 pages were missing in the version originally sent to the white house . in spiking the latest version , bush said he objected to its continued subsidies for the wealthy and its use of budget gimmicks to hide a $ 20 billion increase in spending .
744	-lrb- cnn -rrb- -- an alabama man whose wife died during a honeymoon scuba diving trip off the coast of australia almost five years ago has been charged in her death . an australian coroner ruled friday that there was enough evidence to put gabe watson on trial for the death of tina watson , who was 26 when she drowned in october 2003 while diving around a historic shipwreck in australia 's great barrier reef . watson , 31 , told police that his new bride appeared to panic 45 feet underwater and that he `` looked into her eyes and saw her eyes were wide open , but there was no response , '' townsville coroner david glascow said in his inquest findings .
745	-lrb- cnn -rrb- -- the supreme court ruled wednesday morning that child rapists can not be given the death penalty , effectively reserving the punishment only for murderers . the 5-4 decision stems from a louisiana case in which patrick kennedy , 43 , was sentenced to die in 2003 for the sexual assault of his 8-year-old stepdaughter . proponents of louisiana 's law , which allowed child rapists to be eligible for the death penalty , say that besides murder , no crime is more deserving of the death penalty than child rape .
746	-lrb- cnn -rrb- -- australia 's cricketers will pay tribute to jane mcgrath at their one-day international against west indies in st vincent on tuesday . jane mcgrath died on sunday at the age of 42 . the english-born wife of former australia fast bowler glenn mcgrath , died on sunday , aged 42 , after a long battle with cancer .
747	kathmandu , nepal -lrb- cnn -rrb- -- nepalese authorities thursday detained at least 650 tibetan exiles protesting against china 's policies in the province ahead of this weekend 's olympic torch relay in tibet , security officials in kathmandu said . police also arrested and charged three local tibetan community leaders with organizing the protest , after seizing them from their homes thursday morning . it is the largest single-day round-up of tibetan protesters in nepal since the demonstrations broke out in march following china 's bloody crackdown on protesters in tibet .
748	los angeles , california -lrb- cnn -rrb- -- luke russert , son of journalist tim russert , was part of a panel wednesday that discussed youth voting on cnn 's `` larry king live . besides the youth vote , russert discussed his father 's death , his upbringing and his own future in journalism and political commentary . luke russert : i was in florence , and i was at an italian sports bar watching the italy versus romania game , and i got a call from my dad 's secretary that said he had fainted , and could i get in touch with my mother .
749	harare , zimbabwe -lrb- cnn -rrb- -- zimbabwe 's opposition party said four of its activists and the wife of harare 's mayor -- an opposition member -- have been killed by supporters of president robert mugabe , just days ahead of next week 's presidential runoff . his arrest and treason charges have been criticized by african and international leaders who characterize it as a ploy by mugabe supporters to intimidate the opposition party before his june 27 runoff against tsvangirai . a spokesman for the mdc blamed mugabe 's zanu-pf party for the five most recent deaths , saying they brought to 70 the number of mdc party members killed since a bitterly contested election three months ago .
750	yusufiya , iraq -lrb- cnn -rrb- -- female suicide bombers , who often slip through security checkpoints untouched because of cultural norms , are taking a more deadly toll than ever across iraq . s. army has created a solution with `` daughters of iraq , '' a program that trains iraqi women to find female suicide bombers . the goal of the women 's program is twofold : to protect against female suicide bombers , and to provide much-needed income to iraqi women with few chances for employment .
751	-lrb- cnn -rrb- -- the first pictures from nasa 's mars phoenix lander , which successfully touched down near mars ' north pole sunday , showed a pattern of brown polygons as far as the camera could see . '' the landing on the red planet 's arctic plains -- which ended a 296-day journey -- was right on target , a feat nasa 's ed weiler compared to landing a hole-in-one with a golf ball from 10,000 miles . watch the celebration at mission control '' the phoenix 's 90-day mission is to analyze the soils and permafrost of mars ' arctic tundra for signs of past or present life .
752	-lrb- cnn -rrb- -- authorities in fayetteville , north carolina , are investigating the death of a pregnant soldier whose body was found saturday morning in a motel , police said . megan lynn touma , 23 , was a dental specialist from cold springs , kentucky , according to a statement from fort bragg , where touma was assigned to the 19th replacement company . the body was sent to the state medical examiner 's office in chapel hill , north carolina , to determine the cause of death .
753	harare , zimbabwe -lrb- cnn -rrb- -- with polls closed for a zimbabwe runoff that opposition politicians and international observers call a sham , alleged torture victims who support former candidate morgan tsvangirai said friday that they back his decision to pull out of the race . `` it 's a good move by my president , morgan tsvangirai , '' said a 26-year-old movement for democratic change activist who said he was forced to stand on hot coals and had boiling water poured on him about a week ago . in the march 29 election , mdc officials said their polling showed tsvangirai clearly defeating mugabe , who at 84 is the only president zimbabwe has had since it gained independence from britain in 1980 .
754	editor 's note : saturday marks one year since hamas ' defeat of fatah in the fierce struggle for control of gaza . cnn 's ben wedeman reports on the past year in gaza , where people are safer but out of food , gas , and patience . gaza city , gaza -lrb- cnn -rrb- -- `` if you take pictures , i 'll kill you ! i 'll kill you ! '' screamed a masked fatah gunman , pointing his ak-47 assault rifle at my cameraman , joe duran .
755	-lrb- cnn -rrb- -- the last of six texas a&m university mariners who went missing in the gulf of mexico was found dead sunday afternoon , the coast guard said . the survivors -- four university students and a safety officer -- told the coast guard they were forced off their sailboat after it took on water and capsized . diehl said the boat was well-stocked with safety equipment -- including emergency radio beacons , life rafts and ring buoys -- but the crew could only manage to find four life jackets after the boat tipped over .
756	hillary clinton in north carolina tuesday , but clinton 's narrow victory in indiana will likely send the race for the democratic presidential nomination on to the next round of primaries . as polls closed in indiana , clinton had a double-digit lead over obama , but by the end of the evening , clinton 's lead had shrunk , dragging the race out until early wednesday . watch obama thank his supporters '' obama took an overwhelming 91 percent of the black vote in north carolina , according to exit polls , while clinton claimed only 6 percent .
757	washington -lrb- cnn -rrb- -- the bush administration hailed north korea 's declaration of its nuclear program as a success for the multilateral diplomacy it engaged in through the six party talks with south korea , china , japan and russia . in fact , north korea 's confessions of many of its nuclear sins -- and its shutdown of its nuclear reactor at yongbyon -- are the closest the international community has come to curbing north korea 's nuclear program . as a result of pyongyang 's handover of the 60-page declaration document -- and friday 's expected destruction of the cooling tower at yongbyon -- president bush ordered some sanctions against north korea lifted and instructed the state department to remove the reclusive communist nation from u.
758	jakarta , indonesia -lrb- cnn -rrb- -- five europeans rescued saturday after an indonesia diving trip went wrong had to fight off a komodo dragon while they were waiting to be found , according to reports . the group was found at mantaolan , on the island of rinca off the komodo national park , after going missing thursday . frenchman laurent pinel , 31 , said the group had to fight off one dragon with rocks and scavenged for shellfish as they waited to be rescued , britain 's daily telegraph newspaper reported .
759	washington -lrb- cnn -rrb- -- the bush administration has launched a `` significant escalation '' of covert operations in iran , sending u. s. intelligence agencies that iran has halted a clandestine effort to build a nuclear bomb and `` do not want to leave iran in place with a nuclear program , '' hersh said . `` they believe that their mission is to make sure that before they get out of office next year , either iran is attacked or it stops its weapons program , '' hersh said .
760	hillary clinton said tuesday that she is ready to turn her attention back to being the junior senator from new york . hillary clinton is greeted with cheers as she returns to the senate after a two-week vacation . `` i look forward to being back with this great team , '' she said as she returned to the senate at the end of a two-week vacation , taken after she conceded the 17-month-long primary contest to sen.
761	william , who is serving in the royal navy , helped make the bust last weekend when he spotted a speedboat found to be carrying nearly a ton of cocaine in the atlantic ocean , britain 's ministry of defense said wednesday . william , 26 , was one of the crew members aboard a helicopter attached to the frigate hms iron duke who spotted the ocean-going speedboat hundreds of miles northeast of barbados , the defense ministry said . the 50-foot-long power boat raised suspicions because it was a small vessel far out to sea and resembled a `` go-fast '' boat commonly used for drug smuggling , the ministry said .
762	washington -lrb- cnn -rrb- -- senate republicans on tuesday blocked a democratic initiative that would have taxed the windfall profits oil companies have enjoyed due to rising energy prices , with the minority leader calling the proposal a `` gimmick . mary landrieu of oil-producing state louisiana and majority leader harry reid , who voted no to be able to bring the measure back to the floor under senate rules -- voted against the measure . along with placing a special tax of 25 percent on oil companies , the bill would have permitted lawsuits against the organization of petroleum exporting countries , the oil-producing cartel , and suspended deposits into the strategic petroleum reserve .
763	washington -lrb- cnn -rrb- -- president bush on monday signed a bill that will pay for the wars in iraq and afghanistan through the remainder of his presidency and into spring 2009 . '' the supplemental spending bill provides nearly $ 162 billion in war funding without the restrictions congressional democrats vowed to put into place since they took control of congress nearly two years ago . '' bush also said he appreciated that `` republicans and democrats in congress agreed to provide these vital funds without tying the hands of our commanders and without an artificial timetable of withdrawal from iraq .
764	barack obama defended his patriotism monday , telling a crowd in independence , missouri , that his `` deep and abiding love for this country '' is the reason he is running for president . '' obama 's wife , michelle , also was criticized about her patriotism , after telling an audience at a campaign event , `` for the first time in my adult lifetime , i 'm really proud of my country . in his speech monday , obama did not directly address clark 's comments , but after calling attention to mccain 's service , he said `` no one should ever devalue that service , especially for the sake of a political campaign , and that goes for supporters of both sides .
765	-lrb- cnn -rrb- -- bangladesh police have detained or arrested more than 18,000 people in the last 11 days in a crackdown on crime they say is aimed at improving security ahead of december elections . the round-ups began may 28 , days after the two main political parties said they would not cooperate with the military-backed caretaker government on organizing the elections . police told cnn that by saturday 16,916 arrests had been made , while local media reported another 1,548 were arrested sunday .
766	buenos aires , argentina -lrb- cnn -rrb- -- president cristina fernandez on tuesday defended an increase in export taxes on grains that has riled many farmers , and she called on them to respect the law in protesting her policies . `` all my life i have soldiered in this party , which always believed in social justice , in the redistribution of income , which caused us to win and lose elections , '' she said in a nationally televised address from the presidential palace . in a concession to her critics , fernandez said the increase in taxes on exports of grains that she instituted in march by decree will be debated by congress .
767	-lrb- cnn -rrb- -- a paris court has ordered ebay to pay $ 63 million damages to luxury goods company lvmh for allowing copies of its goods to be sold on the web auction site . the fashion company -- home to brands including louis vuitton , givenchy , fendi , emilio pucci and marc jacobs -- complained it had been hurt by the sale of fake products on ebay . pierre godet , an adviser to lvmh chairman and ceo bernard arnault , said the court 's decision was `` an answer to a particularly serious question , on whether the internet is a free-for-all for the most hateful , parasitic practices .
768	san antonio , texas -lrb- cnn -rrb- -- the three americans rescued wednesday after more than five years in captivity in the jungles of colombia appear to be in good health , doctors said thursday . `` they 're very resilient , they 're very stress-hardy and they 're doing very well , and so i think that certainly is a good-news story , '' said col. marc gonsalves , thomas howes and keith stansell arrived there late wednesday on an air force c-17 to undergo a battery of medical tests and debriefings .
769	s. embassy in harare on thursday , seeking refuge from election-related violence , embassy spokesman mark weinberg said . some of the refuge-seekers , identifying themselves as supporters of the opposition party movement for democratic change , said militia members supporting president robert mugabe 's party destroyed their homes or were hunting them because of their affiliation , according to a journalist at the scene . watch the refuge-seekers wait outside the embassy '' the mdc has said its members were targeted by supporters of mugabe during the weeks surrounding march 's presidential election and last week 's runoff .
770	london , england -lrb- cnn -rrb- -- hollywood star will smith led a crowd of 46,664 in a chorus of `` happy birthday '' to nelson mandela on friday at a party for the south african prisoner , president and nobel peace prize winner . smith introduced mandela to the london crowd celebrating mandela 's life with the words `` the one , the only , the birthday boy , nelson mandela , nelson mandelaaaaaaaaaa . '' london was the scene of a concert 20 years ago to celebrate mandela 's 70th and to raise awareness of his imprisonment .
771	s. soldier 's desecration of the quran , the muslim holy book , requires the `` severest of punishments , '' not just an apology and a military reassignment . the iraqi islamic party , the movement of iraqi vice president tariq al-hashimi , condemned what it said was a `` blatant assault on the sanctities of muslims all over the world . '' an american staff sergeant who was a sniper section leader used a quran for target practice on may 9 .
772	edwardsville , illinois -lrb- cnn -rrb- -- a man suspected of bludgeoning eight people to death is a methamphetamine addict with a history of fighting with police , an investigator said as the suspected spree killer made his first court appearance . sheley , 28 , is being held on $ 1 million bail in one slaying as police and prosecutors prepare additional charges in connection with a week-long killing spree in two states . authorities say sheley 's alleged burst of violence spanned 300 miles until he gave up without a fight when police confronted him as he smoked outside a bar in granite city , illinois , on tuesday night .
773	drill samples indicate more than 1 million ounces of gold may lie below what is now rolling irish countryside , said richard conroy , the chairman of dublin , ireland-based conroy diamonds and gold . with the price of gold near historic highs , the find could be worth as much as $ 300 million on the market , conroy told cnn . the company has been working for 10 years to find gold in a 1,500-square kilometer -lrb- 600-square-mile -rrb- area spanning the border between northern ireland and the republic of ireland , he said .
774	seoul , south korea -lrb- cnn -rrb- -- tens of thousands of south koreans were demonstrating saturday on the streets of the capital to protest the government 's decision to import what they say is unsafe u. south koreans have protested regularly since april when the government announced it would resume importing beef from the united states after a five-year ban . tens of thousands of auto workers in south korea went on strike wednesday to oppose the government 's lifting of the ban .
775	-lrb- cnn -rrb- -- an ohio distributor is recalling about 6 million chinese-made tire valve stems after concluding that some of them were improperly made and could increase the risk of accidents . an ohio distributor is recalling 6 million chinese-made car tire valve stems . tech international , the part 's johnstown , ohio-based distributor , estimates that just 8,600 of roughly 6 million of those valves are defective .
776	-lrb- cnn -rrb- -- british mercenary simon mann has been jailed for 34 years for his part in plotting a coup in equatorial guinea . the former british military officer confessed to trying to topple long-time ruler teodoro obiang nguema mbasogo - but denied being the plot 's leader . during the trial , mann testified he was a `` junior '' in the organization which plotted to overthrow the tiny west african country 's president in 2004 , and that lebanese businessman eli calil was the man in charge .
777	-lrb- cnn -rrb- -- the university of north carolina at chapel hill student body president who was killed this year was shot several times , including in her head , according to her autopsy report released monday . carson 's autopsy report lists six gunshot wounds , but says two were probably from the same bullet , according to north carolina 's office of the chief medical examiner . her autopsy -- released after a north carolina newspaper filed a court motion to have it unsealed -- describes wounds to various parts of carson 's body .
778	s. food and drug administration tuesday ordered the makers of certain antibiotics to add a `` black box '' label warning -- the fda 's strongest -- to alert patients of possible tendon ruptures and tendonitis . cipro is one of the drugs for which the fda will require a `` black box '' label warning about tendon problems . the consumer group public citizen asked the fda in august 2006 to put the `` black box '' warning on cipro and other fluoroquinolones , and also to warn doctors .
779	unity , new hampshire -lrb- cnn -rrb- -- the day began with a kiss . barack obama leave washington on friday for a rally in new hampshire . they hopped on a souped-up bus for the 1 1/2 - hour ride to unity , new hampshire .
780	-lrb- cnn -rrb- -- malaysian opposition leader anwar ibrahim came out of hiding monday , and says he has damaging evidence that proves senior members of the government faked evidence for sodomy charges against him . malaysian opposition leader anwar ibrahim says he has proof sodomy charges against him were fabricated . `` i have new evidence about the fabrication of evidence against me in 1998 , '' anwar told cnn monday .
781	miami , florida -lrb- cnn -rrb- -- hurricane bertha -- the first hurricane of the 2008 atlantic season -- increased in strength monday evening , according to the national hurricane center . while bertha 's power may fluctuate over the next day , it is expected to begin gradually weakening by wednesday , the center 's 11 p. m. et , bertha was 695 miles -lrb- 1,115 km -rrb- east-northeast of the northern leeward islands and about 1,085 miles -lrb- 1,745 km -rrb- southeast of bermuda .
782	-lrb- cnn -rrb- -- north korea 's apparent cooperation with nations seeking to end its nuclear weapons ambitions -- six years after a deal collapsed and two years after testing a bomb -- may lead to questions about why it would play ball now . north korea could be trying to achieve survival through deceit , intending to keep its nuclear weapons as blackmail for better treatment , analysts suggest . but those making a case for north korea 's sincerity , walsh said , would say it must `` do the things economically that -lsb- it needs -rsb- to do to avoid collapse .
783	-lrb- cnn -rrb- -- actress gina gershon is demanding a retraction from vanity fair after the magazine reported `` high-end hollywood dinner-party gossip '' that former president clinton `` has been seen visiting '' her in california . actress gina gershon `` is extremely offended '' by the vanity fair article , her lawyers say . the lengthy article by the magazine 's national editor , todd purdum , mentioned the actress along with several other women rumored to be associated with clinton , all anonymously sourced .
784	in an attempt to close any remaining rifts with clinton 's backers , obama has asked his supporters to help clinton retire her roughly $ 22 million of campaign debt . obama and clinton have appeared together five times since obama secured the democratic presidential nomination in june . during the `` women for obama '' event , the illinois senator recounted how his mother , a single mom who put herself through school , once had to `` swallow her pride '' and accept food stamps to feed her family .
785	big sur , california -lrb- cnn -rrb- -- thousands of people living in paradise are fleeing their small northern california town wednesday as wildfires charge into the area , officials said . more than half the town 's 26,000 residents have been evacuated as firefighters struggled to battle growing wildfires in the area , authorities said . m. about 14,000 people had been evacuated from paradise , said chuck rough , director of the emergency operations center in the town .
786	chicago , illinois -lrb- cnn -rrb- -- an illinois man was charged with possession of a potentially deadly neurotoxin commonly found in puffer fish after the fbi led a raid at his home monday . bachner , 35 , of lake in the hills , was charged with one count of illegal possession of a toxin , according to a federal complaint filed in u. bachner , using the alias edmond backer , attempted to purchase 98 milligrams of tetrodotoxin through the web site of a new jersey chemical company , according to the fbi .
787	buenos aires , argentina -lrb- cnn -rrb- -- argentine farmers are planning their next move after the country 's president announced plans to fund a public works program with revenues from a controversial agrarian export tax . `` we call on farmers across the country to stay calm but to stay on the alert , '' the organization said on its web site tuesday . the 44 percent export tax , which applies to soybeans , wheat , corn and sunflower seeds , has caused a three-month-old standoff between the government and farmers .
788	hillary clinton said sunday some people are using her controversial reference to robert f. her campaign also accused the rival obama campaign of `` inflaming '' the situation and purposely taking her words out of context . watch hillary 's camp insist the remark had nothing to do with obama '' clinton said the newspaper 's editor and bobby kennedy jr.
789	los angeles , california -lrb- cnn -rrb- -- california 's director of adult prisons is recommending against `` compassionate release '' for a terminally ill former manson family member , a spokeswoman said . susan atkins is led from a los angeles grand jury room after her indictment in the 1969 `` manson murders . '' suzan hubbard , director of the division of adult institutions , decided that susan atkins ' request should not be sent to the sentencing court for consideration , said terry thornton , spokeswoman for the california department of corrections and rehabilitation .
790	-lrb- cnn -rrb- -- a corpus christi , texas , hospital is investigating how up to 17 babies in a neonatal intensive care unit received overdoses of the blood thinner heparin . officials at christus spohn hospital south say corrective action was taken after the discovery of the overdoses . the infant was one of 17 who may have received a more concentrated form of heparin than was prescribed , christus spohn hospital south said in a statement .
791	kathmandu , nepal -lrb- cnn -rrb- -- lawmakers in nepal will vote saturday to pick the country 's first president since it became a republic . but with no one party winning a majority of the seats , it is unclear who may become president . the nepali congress wants outgoing prime minister and party president girija prasad koirala for the position .
792	-lrb- cnn -rrb- -- susan atkins , a terminally ill former charles manson follower convicted in the murder of actress sharon tate , on tuesday was denied a compassionate release from prison . atkins , 60 , has been diagnosed with brain cancer and has had a leg amputated , her attorney said . the california board of parole hearings ' decision -- posted tuesday on its web site -- came after a public hearing on atkins ' request .
793	harare , zimbabwe -lrb- cnn -rrb- -- zimbabwe 's troubled central bank introduced $ 100 billion banknotes saturday in a desperate bid to ease the recurrent cash shortages plaguing the inflation-ravaged economy . a shopper displays a $ 500 million zimbabwean bank note . once-prosperous zimbabwe has seen an unprecedented economic meltdown since it gained independence in 1980 , with the official inflation rate now at 2.
794	los angeles -lrb- cnn -rrb- -- a group of anonymous software developers said they will soon start selling a program that will allow iphone owners to use the hugely popular device on cell phone systems around the world and not just with at&t . s. apple 's iphone , released in the united states two months ago , was engineered to operate for the first two years only on the at&t system through an exclusive arrangement between apple and at&t . an iphone that had the new software appeared to work on the t-mobile system just seconds after schulte replaced the at&t sim card with a t-mobile sim card .
795	that 's because she gets $ 500 a month -- plus free gas -- for turning her car into a rolling billboard for jobing. but with gas averaging more than $ 4 a gallon , more and more companies are trying to figure out incentives to help ease the pain at the pump for their employees . watch a rolling billboard for your company '' `` there 's no question companies are feeling the pinch , '' said john challenger , the chief executive officer of global outplacement company challenger , gray and christmas .
796	check out a vehicle history report to make sure your new used car wo n't blow smoke down the highway . combining information from state dmvs -lrb- departments of motor vehicles -rrb- and rmvs -lrb- registry of motor vehicles -rrb- as well as police reports and other sources , a vehicle history report can give you a comprehensive overview of where the car 's been . none of these things is necessarily a reason not to buy a car , but you should n't make a decision without asking about anything you see on a vehicle history : .
797	toyako , japan -lrb- cnn -rrb- -- president bush on sunday defended his decision to attend next month 's olympics opening ceremony in beijing , saying that to boycott `` would be an affront to the chinese people . speaking to reporters ahead of this week 's summit of the group of eight industrialized nations in japan , bush said he did not need to skip the ceremony to show his position on religious freedom and human rights in china . watch bush , first lady arrive in japan '' bush said he and fukuda discussed the united states ' recent decision to lift some sanctions against north korea and remove the communist nation from the state department 's list of state sponsors of terror .
798	-lrb- cnn -rrb- -- radovan karadzic 's arrest after a decade-long hunt is the equivalent of catching europe 's osama bin laden , the u. richard holbrooke , who negotiated the 1995 dayton peace agreement , led the chorus of congratulations from around the globe telling reporters it was `` a historic day . '' `` one of the worst men in the world , the osama bin laden of europe , has finally been captured .
799	he obtained a degree in chemical engineering from the university of pretoria in south africa and a phd in materials science from the massachusetts institute of technology in the u. he began his career in south africa , working in petrochemicals with sasol and in materials research with mintek . he played a central role in the merger of bhp and billiton , as chief marketing officer and then chief commercial officer before being appointed group president , non-ferrous materials and an executive director of bhp billiton limited and bhp billiton plc in january 2006 .
800	barack obama and iraqi prime minister nuri al-maliki on monday discussed a `` general time horizon '' for any american troop withdrawals from iraq , al-maliki 's office said . obama -- who has made ending the iraq war a cornerstone of his run for office -- engaged in what were described as productive talks with al-maliki during a trip to iraq . iraqi vice president tariq al-hashimi also met with obama monday and told reporters afterward they discussed the security agreement .
801	-lrb- cnn -rrb- -- ghana international michael essien has followed goalkeeper petr cech in agreeing a new five-year contract with english premier league side chelsea . the midfielder , who is in china for the start of the club 's pre-season tour , is now tied to the london outfit until the summer of 2013 . the 25-year-old has made 143 appearances since moving to stamford bridge from french club lyon in a $ 49 million transfer in august 2005 , scoring 14 goals in total and helping chelsea win the league title that season .
802	kathmandu , nepal -lrb- cnn -rrb- -- lawmakers in nepal will vote saturday to pick the country 's first president since it became a republic . but with no one party winning a majority of the seats , it is unclear who may become president . the nepali congress wants outgoing prime minister and party president girija prasad koirala for the position .
803	85 million , for a collapse that killed six miners in utah last year . insufficient pillar support and activity in areas that should not have been mined caused the august crandall canyon mine collapse , federal investigators found . '' the mine 's owner had insisted that earth movement detected at the time of the collapse had caused the disaster .
804	-lrb- cnn -rrb- -- a 19-year-old girl whose hospitalization exposed a shocking austrian incest case has woken from her coma , a development that could shed new light on what occurred in the basement were she was held captive for decades . doctors placed kerstin fritzl in an artificial coma in april after she emerged for the first time from the cellar where she was held captive from birth by her father josef . kerstin , along with six other children , was born from josef fritzl 's incestuous relationship with his daughter elisabeth , now 43 , whom he raped repeatedly during the 24 years she was imprisoned beneath his home .
805	-lrb- cnn -rrb- -- italian newspapers , an archbishop and civil liberties campaigners expressed shock and revulsion on monday after photographs were published of sunbathers apparently enjoying a day at the beach just meters from where the bodies of two drowned roma girls were laid out on the sand . italian news agency ansa reported that the incident had occurred on saturday at the beach of torregaveta , west of naples , southern italy , where the two girls had earlier been swimming in the sea with two other roma girls . emergency services responded 10 minutes after a distress call was made from the beach and two lifeguards attended the girls upon hearing their screams .
806	tehran , iran -lrb- cnn -rrb- -- twenty-nine people convicted of various crimes , ranging from murder to being a public nuisance while drunk , were hanged in iran , state tv said . the iranian judiciary 's statement said that all 30 were convicted of various crimes , which included : murder , murder in commission of a crime , disturbing public safety and security , being a public nuisance while drunk and being involved in illegal relationships -- relationships between men and women who are not married to each other . the statement also said that 20 of the convicts were convicted of drug and alcohol dealing , armed robbery and smuggling arms .
807	bush called india 's prime minister thursday to push a proposed nuclear partnership that sparked an unsuccessful no-confidence vote against the indian leader this week , a white house spokesman said . the phone call took place two days after indian prime minister manmohan singh narrowly survived the no-confidence vote in the lower house of parliament . the leaders of india 's two communist parties -- which hold about 60 seats in parliament -- have accused singh of surrendering india 's sovereignty to the united states with the deal .
808	baghdad , iraq -lrb- cnn -rrb- -- iraqi representatives will meet with the international olympic committee on monday to try to reach an agreement that would allow now-banned iraq to participate in next month 's games , an official said friday . '' iraqi government spokesman ali al-dabbagh and the ministry 's adviser , basil abdul mahdi , are on their way to lausanne , switzerland , to meet with ioc officials , jaffer said . the ioc barred iraq from participating in the olympic summer games in beijing , china , citing what it said was government interference with iraq 's olympic movement .
809	washington -lrb- cnn -rrb- -- the senate voted wednesday to move forward on a bill meant to crack down on oil speculators . democrats say speculation in oil futures is a significant reason why oil prices have risen this year . republicans want to offer up to 28 amendments to the bill on a wide range of energy topics , including increasing domestic oil production .
810	tehran , iran -lrb- cnn -rrb- -- thirty people convicted of drug and other criminal charges will be hanged on sunday , iran 's semi-official fars news agency reported saturday . the 30 had their cases tried by the highest judicial authorities and were found guilty of the charges brought against them , iran 's judiciary said in a statement . according to amnesty international , iran executed 317 people last year , second only to china 's 470 .
811	phnom penh , cambodia -lrb- cnn -rrb- -- cambodia has sent a letter to the united nations security council to call attention to its continuing standoff with thailand over an ancient border temple on disputed land . the two countries agreed to meet monday to defuse tensions -- even as each side continued to amass more troops to the site of the preah vihear temple . both cambodia and thailand lay claim to the 11th century temple , which sits atop a cliff on cambodian soil but has its most accessible entrance on the thai side .
812	washington -lrb- cnn -rrb- -- congress voted to halt planned cuts in medicare payments to doctors tuesday , overriding president bush 's veto in a battle that pitted health insurers against physicians . 6 percent cut in medicare payments to doctors , part of a scheduled cost-saving formula that went into effect july 1 . the senate voted 70-26 to enact the law over bush 's objections , the third time in his presidency that congress has overridden his veto .
813	colorado teen christina perez says she painted her face like the joker as a tribute to heath ledger . much of the praise has gone to heath ledger 's dark and disturbing portrayal of the joker . itson saw the first `` batman '' movie , but was n't a big fan of the series , or heath ledger , but said her friend wanted to go .
814	-lrb- cnn -rrb- -- authorities are searching for a female soldier , missing after a fire at her apartment near fort bragg in north carolina . a neighbor , roland petty , told cnn affiliate wral-tv that he saw a man running from the area on wednesday night and smelled smoke , although he did n't associate it with the building at the time . watch police at work at wimunc 's complex '' the court documents indicate that john wimunc is a marine stationed at camp lejeune , the station reported .
815	-lrb- cnn -rrb- -- `` mad men '' and `` damages '' found themselves on top when the nominations for the 60th annual primetime emmys came out thursday morning -- but , again , there was no love for hbo 's `` the wire . amc 's `` mad men '' and fx 's `` damages '' made emmy history thursday as the first basic-cable series to be nominated for best drama . the pair , which had made the 10-series emmy shortlist , have been widely hailed by critics and have received good ratings for basic-cable series -- though `` damages '' star glenn close said she hopes the emmys help boost the show 's audience .
816	dubai , united arab emirates -lrb- cnn -rrb- -- dubai has forgiven the nearly $ 7 billion baghdad owes it , iraqi prime minister nuri al-maliki announced sunday . uae president sheikh khalifa bin zayed al nahyan promised to `` put out these debts , '' appoint an ambassador to baghdad , and `` help iraq building the holy shrines that were targeted by the terrorists , '' al-maliki said in a written statement . iraq 's government said that al-nahyan 's one-day visit was the first to iraq by a gulf cooperation council foreign minister since the 2003 u.
817	-lrb- cnn -rrb- -- two teenage girls from great britain will fly home thursday after spending a year behind bars in ghana for drug-smuggling , the british high commission in the west african country said . the girls were stopped by customs officials at accra trying to smuggle drugs back to britain . ghanaian police arrested the teenagers , identified as yasemin vatansever and yatunde diya , in july 2007 as they prepared to board a british airways flight to london .
818	washington -lrb- cnn -rrb- -- the united states needs a new law requiring that the president consult with congress before going to war , a blue-ribbon panel led by two former secretaries of state said tuesday . the current war powers resolution is `` ineffective , and it should be repealed and it should be replaced , '' james baker said in a joint appearance with warren christopher , announcing the results of the study they led . the existing law , the war powers resolution of 1973 , has been regarded as unconstitutional by every president since it was passed as a response to the vietnam war , baker and christopher said .
819	srinagar , indian-controlled kashmir -lrb- cnn -rrb- -- senior pakistani and indian military officials met tuesday to discuss a border clash in kashmir , the first major skirmish between south asia 's nuclear rivals since a 2003 cease-fire . athar abbas told cnn that pakistan `` made our point clear '' regarding the firefight , which he said began after indian soldiers crossed the line of control that separates kashmir between india and pakistan . '' pakistan 's military also denied its forces crossed the line of control , saying the skirmish started when indian soldiers tried to establish a forward post on pakistan 's side of the line .
820	failures to recognize the chaos engulfing the country and to send in enough troops to restore order after the 2003 invasion have long been highlighted by critics , but a new report shows the army assessing itself . frank opinions from officers serving in the 18 months from the start of war to iraqi elections in january 2005 reveal there were concerns at the time , not just about assumptions made by planners but at decisions taken once u. jack keane , then the army 's deputy chief of staff , told the historians of his reaction to a june 2003 decision to transfer control of all coalition troops away from the land forces command that had been preparing for the mission .
821	-lrb- cnn -rrb- -- a virginia judge on tuesday approved an $ 11 million settlement from the state to the families of victims killed or injured in last year 's virginia tech shootings . the 24 victims included in the settlement were among the 32 killed by seung-hui cho 's april 16 , 2007 , shooting rampage . the settlement also includes provisions that allow the families to occasionally meet with the governor and virginia tech officials to review legislation and improvements made at the campus in response to the tragedy .
822	washington -lrb- cnn -rrb- -- the inspector-general of the house of representatives will investigate recent allegations of sexual misconduct among congressional pages , the democratic and republican leaders of the chamber announced . two pages -- usually high school juniors who serve congress as messengers -- have been dismissed for allegedly having oral sex in public areas of their capitol hill dormitory . '' to protest what they called lax oversight , brown-waite has resigned from the house page board , along with republican rep.
823	baghdad , iraq -lrb- cnn -rrb- -- shada 's back aches more and more each day as she literally bears her family 's burden . clothed in a black robe , she strains under her husband 's weight . murtada , a 29-year-old taxi driver , was once a proud husband and father .
824	copenhagen , denamrk -lrb- cnn -rrb- -- what makes someone decide to become an actor ? it sometimes seems as if the average hollywood star is motivated mainly by the promise of a fat pay check . maybe they crave the love of an adoring public , or perhaps they see the movies as a way to leave their mark on the world , to be immortalized on celluloid .
825	-lrb- cnn -rrb- -- a north carolina man charged with killing a pregnant fort bragg soldier was the father of her unborn child , authorities said wednesday . edgar patino is linked to two anonymous `` confession '' letters sent in what police believe was an attempt to derail the investigation into megan touma 's death , police said . patino , who is stationed at fort bragg 's jfk special warfare training center , faces first-degree murder charges in the slaying of touma , 23 , who was seven months pregnant .
826	los angeles , california -lrb- cnn -rrb- -- a magnitude-5 . 4 earthquake shook the los angeles metropolitan area tuesday , leaving residents rattled but causing no serious damage or injuries . however , the temblor served as a warning to southern californians who had not experienced an earthquake in some time : the `` big one '' remains a possibility .
827	prague , czech republic -lrb- cnn -rrb- -- a passenger train rumbling through the czech republic slammed into a collapsed overpass , causing the deaths of at least a half dozen passengers and the injuries of a few dozen more , according to a czech news agency account . an areal view shows the scene of the train accident in studenka , 360 kilometers east of prague . the eurocity train , which was traveling about 140 kilometers , or 87 miles , an hour at the time of the accident , crashed around 10:30 a.
828	sherman , texas -lrb- cnn -rrb- -- a seventeenth person has died from injuries suffered in friday 's bus crash in northern texas , a hospital spokeswoman said sunday . the damaged bus is hauled from the crash scene on a flatbed truck friday in sherman , texas . watch what investigators are learning about the accident '' the bus was operating illegally , according to the federal motor carrier safety administration .
829	-lrb- cnn -rrb- -- starbucks is closing more than two-thirds of its stores in australia , days after announcing that hundreds of its american coffee outlets are also being shuttered . the closures will mean that only 23 cafes will remain open in and around three major cities : brisbane , melbourne and sydney , the company said in a statement tuesday . earlier this month , the company announced it would close 600 company-owned stores in the united states .
830	-lrb- cnn -rrb- -- an estimated 125,000 western lowland gorillas are living in a swamp in equatorial africa , researchers reported tuesday , double the number of the endangered primates thought to survive worldwide . the last census on the species , carried out during the 1980s , estimated that there were only 100,000 of the gorillas left worldwide . wcs survey teams conducted the research in 2006 and 2007 , traveling to the remote lac tele community reserve in northern republic of congo , a vast area of swamp forest .
831	the canadian frigate hmcs ville de quebec will escort ships carrying food aid to somalia . `` canada is stepping up to the plate by tasking ville de quebec with the role of escorting world food programme ships to ensure their safe arrival at designated ports , '' canadian defense minister peter mackay said in a government news release . ville de quebec , which can travel at speeds greater than 27 knots , will be dispatched after somalia 's transitional government formally authorizes the mission , the government 's news release said .
832	n. international criminal tribunal for the former yugoslavia , karadzic faces charges of genocide , complicity in genocide , extermination , murder , willful killing , persecutions , deportation , inhumane acts , terror against civilians and hostage-taking . while president of the so-called serbian republic of bosnia-herzegovina , karadzic 's troops were reported to have massacred over hundreds of thousands of muslims and croats during a campaign of `` ethnic cleansing . '' early estimates of the death toll from the 3-year war ranged up to 300,000 , but recent research reduced that to about 100,000 .
833	-lrb- aol autos -rrb- -- price of gas got you crying at the pump ? alaska has the highest gas prices in the nation , with a gallon of regular gasoline at $ 4. we use the term ` best states to buy gas ' with this caveat : back in june 2004 , gas hovered at around $ 1.
834	-lrb- cnn -rrb- -- three aid workers have been shot over the last day in somalia , two of them fatally , somali media reports said . qeyre was shot in the somali capital of mogadishu friday night in what appeared to be a targeted attack , the reports said . the head of dbg , in nairobi , kenya , said he will suspend all aid operations in somalia for the time being .
835	-lrb- cnn -rrb- -- as horrified travelers watched , a greyhound canada bus passenger repeatedly stabbed and then decapitated a young man who was sitting and sleeping beside him , a witness said thursday . i was just reading my book , and all of a sudden , i heard it , '' garnet caton , who was sitting in front of the two men , said of the wednesday night incident west of portage la prairie in manitoba . '' passengers exited the bus , and a trucker who stopped provided wrenches and crowbars to several of them so they could keep the suspect on the bus until police came , witnesses told canadian tv .
836	john mccain said wednesday that the crisis in georgia should not be used to score political points , but his campaign has stepped up its attacks on sen. on wednesday , mccain continued his tough line against russia , saying its potential membership in the world trade organization should be reviewed as a result of its actions in georgia , as well its relationship with the g-8 nations , which represent the world 's largest industrial economies . watch mccain call georgia 's position ` perilous ' '' `` after the events of the past six days , no one should wonder why countries on russia 's periphery so ardently seek the security guarantees alliance membership represents , '' mccain said during a campaign stop in birmingham , michigan .
837	madrid , spain -lrb- cnn -rrb- -- passengers said they saw flames and then heard an explosion moments before a spanair jet crashed on takeoff wednesday at madrid 's barajas airport , killing 153 people , according to local media . medical personnel tend to an injured passenger at madrid 's barajas airport . the severity of the injuries varies , but many of the injured have been treated for burns , spanish red cross spokeswoman olivia acosa said .
838	-lrb- cnn -rrb- -- a swedish wrestler who discarded his bronze medal in a protest during the presentation ceremony has been stripped of the award and disqualified from the tournament in beijing . the international olympic committee said it was also officially disqualifying ara abrahamian , 35 , from his event , greco-roman wrestling . during thursday 's presentation ceremony , he took off his medal and left it in the center of the competition mat before walking off .
839	miami , florida -lrb- cnn -rrb- -- tropical storm fay made landfall in southwestern florida early tuesday , coming ashore at cape romano just south of marco island , the national hurricane center said . voluntary evacuations were urged monday evening on marco island , a community of about 12,000 people near naples on southwestern florida 's coast . m. et tuesday , the storm was moving north-northwest at 9 mph -lrb- 15 km/hr -rrb- and was on the florida coastline at cape romano , or about 55 miles -lrb- 90 km -rrb- south of fort myers .
840	naples , florida -lrb- cnn -rrb- -- at least seven possible tornadoes were reported tuesday in eastern florida as tropical storm fay battered parts of the state with high winds and heavy rain , the national hurricane center said . fay could strengthen into a hurricane when it swings over florida again thursday , according to the center . m. , the center of the storm was about 60 miles southwest of melbourne , the hurricane center said .
841	the survey suggests that for the first time in more than a decade , there has been a shift away from the view that religious groups should influence social and political issues . `` overall , the number of people who say churches should not endorse political candidates is up slightly , but among republicans it is up 11 points , and among white evangelical republicans it is up 19 points , '' said greg smith , a research fellow at the pew forum on religion & public life . `` there is a slight uptick , from 40 percent to 46 percent , among people who are uncomfortable to have politicians talking about religion , but it is up 10 points among republicans , '' he added .
842	-lrb- cnn -rrb- -- cuba is more than a thousand miles from my home in new york , but it 's a place close to my heart . i went to cuba to report on a country that appears to be on the cusp of a new era . my grandmother , the daughter of russian immigrants , was born in havana , and my grandfather came to cuba when he was just 3 years old .
843	atlanta , georgia -lrb- cnn -rrb- -- the two men who claimed to have found the carcass of bigfoot have surfaced to say : hey , it was just a joke . in an exclusive interview with cnn affiliate wsb , the two hoaxers -- car salesman rick dyer and now-fired police officer matt whitton -- said the whole situation began as a joke and then got out of hand . '' watch the two men explain their `` joke '' '' at a news conference in california last week , the two men had stood by their claims that they had discovered bigfoot 's corpse and had it on ice .
844	washington -lrb- cnn -rrb- -- the united states and britain praised pakistani president pervez musharraf 's contribution to the war on terror while the bush administration claimed no role in the leader 's resignation monday . however , the official said , the united states made it clear that it would not get involved in the struggle between musharraf and the newly elected pakistani parliament . `` if he made a decision to go , or fight against it -- we did n't advise him either way , '' the official said .
845	-lrb- cnn -rrb- -- the marine husband of a slain fort bragg soldier was charged with murder monday and another marine was charged with aiding the crime , a local police chief said . fayetteville , north carolina , police released this undated photo of 2nd lt. kyle alden were initially charged with arson , but after police interviews wimunc was charged with first-degree murder , said fayetteville police chief tom bergamine .
846	harare , zimbabwe -lrb- cnn -rrb- -- zimbabwean lawmakers on monday narrowly voted for lovemore moyo as speaker of the parliament -- making him the first opposition lawmaker to hold the position in the country 's history . '' moyo -- the national chairman of the main movement for democratic change -lrb- mdc -rrb- party -- received 110 votes while his only opponent , paul themba-nyathi , received 98 votes . two members of the main mdc -- led by presidential candidate morgan tsvangirai -- were arrested as they arrived at the opening session , but they were released after a short time , according to a government spokesman .
847	-lrb- cnn -rrb- -- former olympic champion angel matos of cuba faces a life ban after kicking a referee flush in the face during his taekwondo bronze medal match in beijing . matos , who took gold in sydney in 2000 , was winning 3-2 , with just over a minute left in the second round , when he fell to the mat after being hit by his opponent , kazakhstan 's arman chilmanov . matos lay down , awaiting medical attention , but was then disqualified by referee chakir chelbat of sweden for taking too much injury time .
848	john mccain in august will be on the same stage for the first time in the 2008 presidential campaign . rick warren has invited them to appear at a leadership and compassion forum in his saddleback church in lake forest , california , on august 16 . warren , the author of the best-selling book `` the purpose driven life '' spoke with cnn 's wolf blitzer by phone tuesday from sao paulo , brazil .
849	m. on may 12 , 2007 , and waited at a battle position south of baghdad for members of his company to pick him up . alex jimenez , who cared so much about his fellow soldiers that he made sure every one was comfortable and who cared so much about the iraqis he was fighting for that he learned arabic on his own so he could talk with them . gopaul said friday that during the time jimenez and other members of the company were missing , he tried to keep upbeat and hoped that his best friend would come home safely .
850	tehran , iran -lrb- cnn -rrb- -- thirty people convicted of drug and other criminal charges will be hanged on sunday , iran 's semi-official fars news agency reported saturday . the 30 had their cases tried by the highest judicial authorities and were found guilty of the charges brought against them , iran 's judiciary said in a statement . according to amnesty international , iran executed 317 people last year , second only to china 's 470 .
851	-lrb- cnn -rrb- -- the relatives of a woman who died on the floor of a new york hospital say they plan to file a $ 25 million lawsuit against the city and the facility where esmin green died . green 's family is also calling for criminal charges against hospital workers , who they say failed to help her and then attempted to cover up the circumstances of her death . green , a jamaican immigrant , had been involuntarily admitted to the kings county hospital in brooklyn , new york , on june 18 for what the hospital described as `` agitation and psychosis .
852	srinagar , indian-controlled kashmir -lrb- cnn -rrb- -- violent protests continued across kashmir wednesday , as the death toll from the past two days of demonstrations rose to 20 , a senior police official said . three people critically injured in the protests died on wednesday , adding to the already high tensions . several thousand people joined the wednesday morning funeral procession for one of the victims in old srinagar city .
853	s. house speaker nancy pelosi reversed her opposition to a vote on offshore drilling on `` larry king live '' on monday night , saying she would consider a vote if it were part of a larger energy package . s. house speaker nancy pelosi urges the release of oil from strategic reserves as a way to bring down gas prices . `` our message to speaker pelosi is very simple : we are ready to vote on more energy production and lower gas prices right now , and we should not wait one more day to begin giving the american people the relief they expect and deserve , '' boehner said .
854	mogadishu , somalia -lrb- cnn -rrb- -- a roadside bombing in somalia 's capital killed 21 women who were cleaning rubbish from a southern mogadishu street on sunday morning , a hospital official said . the bomb blast wounded another 46 people , most of them somali women who had gathered to clean maka al mukarama road in southern mogadishu 's kilometer 4 district , according to medina hospital director dr. n.-backed transitional government and the alliance for the re-liberation of somalia , an opposition group that includes members of the islamist court union which overthrew the government in 2006 .
855	miami , florida -lrb- cnn -rrb- -- hurricane gustav churned into the gulf of mexico on saturday night , still an `` extremely dangerous '' category 4 storm threatening to blast the same region devastated by hurricane katrina three years ago . gustav , a category 4 storm with 135 mph -lrb- 220 km/hr -rrb- top winds , was centered 485 miles -lrb- 780 kilometers -rrb- southeast of the mouth of the mississippi river , according to the national hurricane center 's 6 a. a hurricane watch remained in effect for the northern gulf coast from east of high island texas eastward to the alabama-florida border , including the city of new orleans and lake pontchartrain , the national hurricane center said .
856	com feature built on the belief that the labels we use for one another do n't really reveal who we are . but then defining what it means to be black has long been a matter of debate within the african-american community . barbara hillary -- at the age of 75 , she became the first african american woman to reach the north pole .
857	-lrb- cnn -rrb- -- oklahoma health officials said friday they are searching for the source of a rare form of e. coli 0111 -- is `` not normally found in this form of outbreak , '' said leslea bennett-webb , director of communication for the oklahoma state department of health . tests carried out on water from a well on restaurant property indicate the presence of bacteria , but `` we have not been able to confirm what kind of bacteria , '' said skylar mcelhaney , a spokeswoman for the oklahoma department of environmental quality .
858	charles schumer said sunday the bush administration is trying to `` blame the fire on the person who calls 911 '' by suggesting he had a role in one of the costliest u. '' federal regulators with the office of thrift supervision were `` asleep at the switch '' when it came to indymac 's `` reckless '' behavior , the new york democrat complained . the ots announced friday that it was taking over the $ 32 billion indymac and transferring control to the federal deposit insurance corporation .
859	san antonio , texas -lrb- cnn -rrb- -- the three americans rescued after more than five years in captivity in colombia say they are doing well but are `` overwhelmed with emotion , '' according to a statement released on their behalf . `` words alone can never possibly express the thrill and excitement we feel to be back home in the united states of america with our families at our side , '' the friday statement from marc gonsalves , thomas howes and keith stansell said . watch betancourt 's joyous return to france '' shortly after the plane crashed , farc members killed contractor tom janis , according to employer northrop grumman , and colombian army sgt.
860	-lrb- real simple -rrb- -- whether you 're hosting a formal party or just throwing together snacks for drinks with friends , we 've got ideas for transforming carryout into crowd-pleasing cuisine . -lrb- and if you keep them out of the kitchen , they 'll never know the truth . to make : shred the meat and toss it with take-out brown rice and a splash of dumpling dipping sauce -lrb- most restaurants will add it to your order at no charge -rrb- .
861	washington -lrb- cnn -rrb- -- federal investigators will declare the 2001 anthrax case solved on wednesday , when they make public their case against government researcher bruce ivins , a government source familiar with the case told cnn on tuesday . before making the information public , the fbi is expected to share the evidence of ivins ' involvement with survivors and relatives of victims in the anthrax attacks , the source said . another source familiar with the investigation said tuesday that in the fall of 2001 , ivins borrowed a machine that can convert wet anthrax , the kind used at fort detrick , into dry powder , which was found in the anthrax letters .
862	donetsk , ukraine -lrb- cnn -rrb- -- a frail irene famulak clutched her brother on the airport tarmac , her arm wrapped around him in a tight embrace , tears streaming down their faces . it was the first time since 1942 they had seen each other , when she was 17 and he was just 7 . siblings wssewolod galezkij and irene famulak were separated in 1942 when nazis took her to a labor camp .
863	editor 's note : paul begala , a democratic strategist and cnn political contributor , was a political consultant for bill clinton 's presidential campaign in 1992 and was counselor to clinton in the white house . sarah palin to be his running mate , he is not thinking `` outside the box , '' as some have said . in choosing this featherweight , mccain passed over tom ridge , a decorated combat hero , a cabinet secretary and the former two-term governor of the large , complex state of pennsylvania .
864	washington -lrb- cnn -rrb- -- the environmental protection agency advised employees last month not to answer questions from journalists , the government accountability office or the agency 's inspector general , according to an epa e-mail made public monday . '' `` please do not respond to questions or make any statements , '' the june 16 e-mail said , advising staff to direct questioners to senior staff members cleared to answer questions from outside the agency . the memo was a response to a may 2007 audit by the inspector general 's office that found the epa did not respond earlier to ig reports on problems with water enforcement and other issues , the associated press reported .
865	new orleans , louisiana -lrb- cnn -rrb- -- as hurricane gustav neared louisiana 's coast monday morning , forecasters warned that the storm could stall over louisiana and northeast texas for several days , which would `` exacerbate the threat of heavy rains and inland flooding . '' water from a canal in new orleans , louisiana , floods a road as hurricane gustav makes landfall monday . southern louisiana 's barrier islands and coast reported hurricane force winds and heavy rains from gustav , which was centered about 80 miles south of new orleans and about 20 miles south-southeast of port fourchon , louisiana , at 8 a.
866	-lrb- cnn -rrb- -- new zealand warmed up for their tri-nations decider against australia with a 101-14 rout of samoa in a one-off rugby union test on wednesday in new plymouth , running in 15 tries . fullback mils muliaina scored three tries in the first half , center conrad smith and winger richard kahui touched down twice and nine other players added their names to the new zealand scoresheet as the all blacks beat a weakened samoan team by a record margin . new zealand led 47-7 , seven tries to one , at halftime and added eight tries , including a penalty try , in the second spell to surpass their highest score against samoa .
867	-lrb- cnn -rrb- -- the head of pakistan 's ruling coalition announced thursday that the government will move to impeach president pervez musharraf . `` the coalition reaffirmed the resolve of democracy and democratic forces will work jointly to make a transition to genuine democracy , '' the head of pakistan people 's party asif ali zardari said , reading a joint communique with his coalition partners . before pursuing impeachment proceedings , pakistani lawmakers will demand musharraf take a vote of confidence in the newly elected parliament , which he had vowed to do last year , zardari said .
868	pushpa kamal dahal , also known as prachanda , was elected four months after elections in which his communist party of nepal -lrb- maoist -rrb- became the largest party in the 601-member constituent assembly . the maoists signed a peace deal with the government in november 2006 , joined an interim parliament and government in 2007 and fought multi-party elections in april this year . the communist party of nepal unexpectedly became the largest party in the elections , winning 220 of the 575 elected seats in the assembly .
869	jakarta , indonesia -lrb- cnn -rrb- -- about 50 students broke into a dutch consulate compound in indonesia wednesday to protest a film by a dutch lawmaker that many muslims consider anti-islamic . the protesters tore off the gate of the embassy in the city of medan and ripped down a flag , said dutch embassy spokeswoman gonneke de ridder . the 15-minute film , `` fitna , '' features disturbing images of terrorist acts juxtaposed over verses from the quran to paint islam as a threat to western society .
870	atlanta , georgia -lrb- cnn -rrb- -- air traffic delays began to clear up tuesday evening after computer problems left travelers across the united states waiting in airports , the federal aviation administration said . airports experienced hours of flight delays tuesday afternoon after a communications breakdown at a federal aviation administration facility , the administration said . newark international was still reporting delays of up to 1 hour and 45 minutes and laguardia airport in new york reported 45-minute delays -- although weather problems were cited as the main problem .
871	washington -lrb- cnn -rrb- -- control tower tapes reveal that the pilot of presidential hopeful barack obama 's plane told air traffic controllers there was an emergency when he made an unscheduled landing last month in st. watch what the tapes revealed '' according to the tapes , the pilot told an faa air traffic controller that he had limited ability to move the plane 's nose up and down . midwest airlines acknowledged at the time that the pilot had detected a control problem in the pitch of the plane after an emergency evacuation chute opened in the aircraft 's tail cone while in flight .
872	buenos aires , argentina -lrb- cnn -rrb- -- president cristina fernandez de kirchner repeated her call this week to decriminalize personal drug use and crack down on traffickers and dealers . '' `` i do n't like it when people easily condemn someone who has an addiction as if he were a criminal , as if he were a person who should be persecuted , '' she told a meeting of the national investigation into the consumption of alcohol , tobacco , psychopharmaceuticals and illegal drugs . '' a poll shows 2 percent of argentines have tried cocaine , but some people believe decriminalization of drugs could result in wider drug use .
873	dubai , united arab emirates -lrb- cnn -rrb- -- a helicopter crashed into an oil drilling platform off the coast of dubai , killing all seven people on board , officials said thursday . the helicopter which crashed was a bell 212 , the same model as pictured above . the bell 212 helicopter crashed wednesday on the deck of an oil rig , then broke up and fell into the sea , said a spokesman for aerogulf services -- which operated the chopper .
874	-lrb- cnn -rrb- -- pictures of brad pitt and angelina jolie 's newborn twins have been published for the first time after a magazine bidding war which news agencies claim topped $ 14 million . hola ! magazine , the spanish sister publication to hello ! , has also published images of the jolie-pitt twins . hello ! magazine , which won international rights to the images , and people magazine , which took u.
875	paul , minnesota -lrb- cnn -rrb- -- after rubbing shoulders with susan sarandon , danny glover , charlize theron and charles barkley at the democratic national convention in denver , colorado , new york post celebrity gossip columnist cindy adams jetted off to `` one of the dullest towns in america , '' according to her latest column , to sniff out politically-inclined celebs in st. `` i would n't know -lsb- sarah palin -rsb- from an alaskan salmon ! '' columnist cindy adams says . com : first things first : celebrity-wise , does the republican convention compare to denver ?
876	brownsville , texas -lrb- cnn -rrb- -- hurricane dolly weakened to a tropical storm wednesday night after it made landfall on south padre island , texas , leaving a trail of battered buildings and flooding . m. ct , dolly 's sustained winds had dipped to about 70 mph with higher gusts , according to the national hurricane center . the eye of the storm made landfall as a category 2 hurricane on south padre island , texas , about 1 p.
877	las vegas , nevada -lrb- cnn -rrb- -- polygamist sect leader warren jeffs was released from a hospital in las vegas , nevada on wednesday , a source close to the case told cnn . authorities took jeffs from an arizona jail to a nevada hospital on tuesday after he saying he looked feverish and was `` acting in a convulsive manner , and looked in a very weakened state . sheriff tom sheahan of mohave county , arizona said before jeffs ' release that his condition was not believed to be life-threatening .
878	-lrb- cnn -rrb- -- musician pete wentz of fall out boy performed at a concert sponsored by rock the vote on the first night of the democratic national convention . pete wentz says it 's great to see his young fans get energized about the election when they ca n't even vote . com : so what do the democrats need to do to win the white house , do you think ?
879	-lrb- cnn -rrb- -- new zealand police are investigating a `` serious allegation '' against four england rugby internationals following an alleged incident at their team hotel in auckland . although auckland police have yet to confirm the nature of the allegation , the press association reports that an incident is said to have taken place early sunday in a private hotel room at the city 's hilton hotel following the team 's defeat to new zealand 's all blacks . in a statement the police said : `` auckland city criminal investigation branch is investigating an allegation involving up to four members of the england rugby team .
880	tehran , iran -lrb- cnn -rrb- -- twenty-nine people convicted of various crimes , ranging from murder to being a public nuisance while drunk , were hanged in iran , state tv said . the iranian judiciary 's statement said that all 30 were convicted of various crimes , which included : murder , murder in commission of a crime , disturbing public safety and security , being a public nuisance while drunk and being involved in illegal relationships -- relationships between men and women who are not married to each other . the statement also said that 20 of the convicts were convicted of drug and alcohol dealing , armed robbery and smuggling arms .
881	detroit , michigan -lrb- cnn -rrb- -- a defiant mayor kwame kilpatrick addressed detroit on thursday night listing what he said the city had accomplished under his leadership just hours after announcing his resignation amid a sex and perjury scandal . `` the city is much better shape than the city i received seven years ago , '' said kilpatrick . '' during the speech kilpatrick also jabbed city officials and michigan 's governor , telling them to continue to work for the people of detroit as hard as they did to get him out of office .
882	paul , minnesota -lrb- cnn -rrb- -- cindy mccain praised her husband , republican presidential nominee john mccain , as `` someone of unusual strength and character '' in a speech to the republican national convention on thursday . `` you can trust his hand at the wheel , '' she said , adding : `` but you know what -- i 've always thought it 's a good idea to have a woman 's hand on the wheel as well . watch cindy mccain speak at the convention '' cindy mccain wore jewelled pins reading `` usmc '' and `` navy '' and a flag with a star in honor of her two sons in military service , jimmy and jack .
883	miami , florida -lrb- cnn -rrb- -- hurricane ike grew from a category 1 into a menacing category 4 storm in about six hours wednesday as it fed on the warm waters of atlantic , the national hurricane center said . `` ike is an extremely dangerous category 4 hurricane '' with 135-mph sustained winds , the center said in its 11 p. although it is likely to lose some strength during the next few days , ike is forecast to regain category 4 status by monday , the center said .
884	to celebrate our 20th year of publication , cooking light wanted to know what places best fit our philosophy to eat smart , be fit , and live well . `` each city reflects the full spectrum of living well in its own unique way -- innovative restaurants and markets with nutritious local foods , abundant spaces for walking and other exercise , and a population that takes advantage of both , '' says senior editor phillip rhodes , who headed up the project . click on each city link below to learn why the city made our list and find details about the healthiest restaurants , freshest markets , and liveliest activities in the area .
885	-lrb- cnn -rrb- -- randy pausch , the professor whose `` last lecture '' became a runaway phenomenon on the internet and was turned into a best-selling book , died friday of pancreatic cancer , carnegie mellon university announced on its web site . pausch , 47 , a computer science professor , delivered the lecture , `` really achieving your childhood dreams , '' at carnegie mellon in september 2007 , a month after being told he had three to six months to live because his cancer had returned . the lanky , energetic pausch talked about goals he had accomplished , like experiencing zero gravity and creating disney attractions , and those he had not , including becoming a professional football player .
886	com launched its i-report initiative august 2 , 2006 , in an effort to involve citizens in the newsgathering process . on the eve of its anniversary , i-reporters responded to yet another major news event : the deadly collapse of a bridge over the mississippi river in minneapolis , minnesota . lacroix 's photos were among the more than 450 i-report submissions sent to cnn within the first 24 hours of the bridge 's collapse -- the biggest response in one day to a single news event in i-report history .
887	joe biden on tuesday , saying the democratic vice presidential nominee had `` sunk to a new low '' by raising a debate over who cares more for special needs children . the republican camp 's sharp response came after biden said gop advocates for children with birth defects should support stem cell research . palin , an evangelical christian , opposes stem cell research because it involves the use of human embryos , but her running mate , gop presidential nominee mccain , does support stem cell research .
888	bob woodward 's book , `` the war within : secret white house history 2006-2008 , '' came out monday . the program -- which woodward compares to the world war ii era manhattan project that developed the atomic bomb -- must remain secret for now or it would `` get people killed , '' woodward said monday on cnn 's larry king live . in `` the war within : secret white house history 2006-2008 , '' woodward disclosed the existence of secret operational capabilities developed by the military to locate , target and kill leaders of al qaeda in iraq and other insurgent leaders .
889	'' woodward , an associate editor of the washington post , says in `` the war within : a secret white house history 2006-2008 '' that the assassination program , not the 2007 increase in u. s. forces in the war zone known as `` the surge , '' is primarily responsible for the reduction of violence in iraq . cnn baghdad correspondent michael ware cast doubt on woodward 's assertion tuesday in a conversation with `` american morning '' host john roberts .
890	-lrb- cnn traveller -rrb- -- when the roman emperor hadrian came to power in 117ad he inherited an empire that was overstretched militarily and creaking at the seams . a massive bust of hadrian 's head unearthed only last year is part of the exhibition at the british museum . one of his first acts was to pull the troops out of mesopotamia , modern-day iraq , a fact that is sure to resonate with visitors to the british museum `` s superb exhibition `` hadrian : empire and conflict '' which opens on 24 july under the imposing classical dome of the reading room .
891	the canadian frigate hmcs ville de quebec will escort ships carrying food aid to somalia . `` canada is stepping up to the plate by tasking ville de quebec with the role of escorting world food programme ships to ensure their safe arrival at designated ports , '' canadian defense minister peter mackay said in a government news release . ville de quebec , which can travel at speeds greater than 27 knots , will be dispatched after somalia 's transitional government formally authorizes the mission , the government 's news release said .
892	news of an english football deal sent the british media into a frenzy this week , when a private abu dhabi group announced a planned takeover of manchester city . with the likes of emirates , etihad and saudi telecom , the gulf has long had an interest in english football . she founded the first firm in qatar to conduct investment banking and is now the ceo of al wa'ab city , a property development that 's set to open in 2010 .
893	'' four hundred and sixty one million square feet have been officially assigned to `` gas cities llc , '' a joint venture between dana gas and crescent petroleum , both sharjah-based companies , to establish a new venture : `` kurdistan gas city . work will start on the project , which is designed to promote private sector investment in a variety of gas-related industries , on september 21 . '' hamid jafar , executive chairman of dana gas , explained the importance of this achievement saying : `` the kurdistan gas city is an enormous step forward in dana gas ' strategy across the middle east , north africa and south asia .
894	fiercely original and unapologetically innovative , ross lovegrove describes himself , somewhat reluctantly , as an industrial designer . famous for his tactile and sensual fluid forms , he takes his inspiration from nature to create an organic minimalism that he calls `` fat free '' design . in the early 1980s , with frog design in west germany , he worked on projects including sony walkmans and apple computers .
895	los angeles , california -lrb- ap -rrb- -- the shoe phone on tv 's `` get smart '' was n't just a sneaky spy gadget , it was a technological marvel : a wireless , portable telephone that could be used anywhere -- though it did require a dime to make a call . `` get smart '' comes to the big screen next week , along with a spate of new spy gadgets to help maxwell smart , agent 99 and the other spies at control . the gadgets are just as goofy as they were in the original tv series , but because technology has caught up with the writers ' imaginations , there 's a big difference : many of the movie 's doo-dads actually exist .
896	s. , european union and international security organizations friday called for an end to fighting between georgia and militant separatists that has dragged in russian forces . president george bush and russian prime minister vladimir putin discussed the conflict in georgia , the white house confirmed . '' white house spokeswoman dana perino said : `` i want to reiterate on -lsb- president bush 's -rsb- behalf that the united states supports georgia 's territorial integrity and we call for an immediate cease fire .
897	nairobi , kenya -lrb- cnn -rrb- -- one of the fbi 's most wanted terrorists escaped a raid over the weekend , kenyan police said monday . fazul abdullah mohammed , indicted in the united states for alleged involvement in the 1998 bombings of u. they also believe mohammed was involved in attacks on an israeli-owned hotel and airliner in kenya in 2002 .
898	00 : chinese food for breakfast might seem like something you would only do with a hangover , but yum cha -- think chinese tapas on trolleys -- is a sydney tradition . head down to china town in haymarket and take your pick -- east ocean -lrb- 421-429 sussex street -rrb- is a favorite with sydneysiders . sieve through the grand queen victoria building -lrb- known as the qvb -rrb- and david jones department store in town , then head east across hyde park -- stopping off at the art deco anzac war memorial - -- towards oxford street , where there are some great boutiques .
899	-lrb- cnn -rrb- -- a magazine photo spread of taliban fighters posing in the uniforms of 10 french soldiers killed last month has sparked an angry response . the latest edition of paris match includes photos of the taliban fighters and their commander , `` farouki , '' wearing french uniforms , helmets and using french assault rifles and walkie-talkies . farouki , aged 30-35 , claims in the accompanying story to have led his group in the august 18 ambush which killed 10 french troops and injured a further 21 in the sarobi district , 40 miles east of kabul .
900	miami , florida -lrb- cnn -rrb- -- the storm called hanna weakened from a hurricane to a tropical storm tuesday morning as maximum sustained winds eased down to 70 mph , the national hurricane center said . hanna 's path and strength remain uncertain , but the latest forecast map from the national hurricane center predicts it still could make landfall as a major hurricane on the southeastern u. m. et , hanna was a category 1 storm on the saffir-simpson hurricane scale with sustained winds of 80 mph -lrb- 129 kph -rrb- and gusts of up to 100 mph .
901	-lrb- cnn -rrb- -- officials in some gulf coast states spent the third anniversary of hurricane katrina on friday gearing up for what could be the biggest threat to the region since katrina hit in 2005 . s. gulf coast by tuesday morning as a category 2 or 3 hurricane , the national hurricane center said friday . `` as we pray for the best , we 're going to prepare for the worst , '' barbour announced friday that hurricane katrina victims living in government-issued trailers or mobile homes along his state 's coast will begin evacuating this weekend to prepare for the gustav 's possible arrival .
902	washington -lrb- cnn -rrb- -- justice department officials blocked liberals and people with democratic party ties from a highly selective program that funneled young lawyers into government jobs , according to an internal investigation released tuesday . esther slater mcdonald , a political appointee at the justice department , `` wrote disparaging statements about the candidates ' liberal and democratic party affiliations on the applications she reviewed and . the report , the first official investigation to document politicization of the justice department during the bush administration , is an offshoot of the larger investigation of justice department politics triggered by the furor over the firing of nine u.
903	kathmandu , nepal -lrb- cnn -rrb- -- monsoon flooding has left 50,000 people homeless in nepal and killed at least 74 people in northern india , according to officials . the nepalese army thursday used helicopters to rescue residents in southeastern nepal who were stranded on treetops and roofs after monsoon flooding forced more than 50,000 people from their homes . in northern india monsoon flooding destroyed mud huts and killed at least 74 people , officials said .
904	after 13 years as the world 's richest man , he has finally been toppled by his friend warren buffett who has an estimate fortune of $ 62bn . the list -- which is a run down of the 1,125 richest people on the planet -- estimates a person 's total net worth in us dollars based on the closing stock prices of the stock exchanges on which their company is listed . the middle east 's richest man is prince alwaleed bin talal alsaud , the 51 year old saudi who has an estimated net worth of $ 21bn .
905	-lrb- cnn -rrb- -- in focus : the business of education . we talk to pnina rosenblum , the founder of the cosmetic company pnina rosenblum lt. with rising unemployment , the mena countries are investing more into education than any other emerging region .
906	-lrb- cnn -rrb- -- mohammed alshaya owns more high street brands than most fashion addicts could stuff in their closets . mohammed alshaya , ceo of alshaya 's retail division , tells mme he sees a new mindset in the gulf . john defterios spoke with mohammed alshaya , and started by asking him for his thoughts on the gulf cooperation council -lrb- gcc -rrb- plans for a single currency .
907	london , england -lrb- cnn -rrb- -- the family of a british soldier serving in afghanistan has been forced from their home after a poisonous spider hitched a ride back with him and apparently killed their pet dog . the camel spider 's bite is not deadly to humans but can kill small animals . lorraine griffiths and her three children , aged 18 , 16 , and 4 , moved out of their house in colchester , southeast england , and are refusing to return until the spider is apprehended , the uk press association reported .
908	-lrb- cnn -rrb- -- a magazine photo spread of taliban fighters posing in the uniforms of 10 french soldiers killed last month has sparked an angry response . the latest edition of paris match includes photos of the taliban fighters and their commander , `` farouki , '' wearing french uniforms , helmets and using french assault rifles and walkie-talkies . farouki , aged 30-35 , claims in the accompanying story to have led his group in the august 18 ambush which killed 10 french troops and injured a further 21 in the sarobi district , 40 miles east of kabul .
909	-lrb- cnn -rrb- -- two recent stories are a prime example of how important it is for the media to confront the reality of rumors in the age of the internet . i was in new york , and friends and colleagues from chicago , illinois , to dallas , texas , and los angeles , california , were saying they knew for sure that the 50-year-old comedian was dead . what makes this story important is that it was left to the publicist and the family to decide to quash the rumor with the truth , and it was our job in the media to go with the news because it was the latest information made available regarding his condition .
910	-lrb- cnn -rrb- -- swiss police were scrambling monday in search of three masked men who stole four impressionist paintings worth about $ 163 million -lrb- 180 million swiss francs -rrb- sunday in a heist police characterized as `` spectacular . g. buehrle collection -- among the finest collections of impressionist and post-impressionist art in the world -- in zurich , switzerland , at around 4:30 p. there is a reward of $ 91,000 -lrb- 100,00 swiss francs -rrb- for information leading to the return of the paintings , police said .
911	-lrb- cnn -rrb- -- three americans rescued last week from captivity in the colombian jungle left a medical center for their homes saturday , hoping for some time out of the spotlight as they reconnect with loved ones . keith stansell , marc gonsalves and thomas howes -- hostages of the revolutionary armed forces of colombia for more than five years -- left the brooke army medical center in san antonio , texas . `` there 's family members that are waiting for us , and just imagine if you had n't seen your family in 5 1/2 years , '' stansell said , asking the media to allow the former captives some space .
912	-lrb- cnn -rrb- -- a humanitarian plane carrying 17 people -- most of them relief workers -- has crashed during a storm in a mountainous region in the democratic republic of congo , the united nations said tuesday . search and rescue crews were not immediately able to land their helicopter in the area and determine whether anyone survived the crash in the east of the country , said christope illemassene , spokesman for the u. but air serv international , the relief group that operated the plane , said an aerial survey has indicated that all the occupants on the beechcraft 1900 plane died .
913	-lrb- cnn -rrb- -- flash floods and landslides triggered by a weekend tropical storm have killed at least 100 people in vietnam , the country 's news agency said monday . vietnamese villagers look at the rubble where 19 houses stood before a flash-flood ripped away the hamlet of tung chin in lao cai province . the floods in the the country 's northern mountain provinces damaged tens of thousands of homes , swept away thousands of cattle and submerged crops , the vietnam news agency said .
914	'' president bush chats with russian prime minister vladmir putin at the start of the olympic opening ceremonies . bush was filmed speaking to russian prime minister vladimir putin during friday 's opening ceremonies and said sunday that he `` was firm with vladimir putin '' and that `` this violence is unacceptable . '' violence has continued to rage between russia and the western ally since thursday , when georgia launched an operation to crack down on separatists in south ossetia territory .
915	john mccain wrote an op-ed for the new york times , but the paper said it could not publish it as written . in an e-mail to the mccain campaign , opinion page editor david shipley said he could not accept the piece as written , but would be `` pleased , though , to look at another draft . `` the obama piece worked for me because it offered new information -lrb- it appeared before his speech -rrb- ; while senator obama discussed senator mccain , he also went into detail about his own plans .
916	los angeles , california -lrb- cnn -rrb- -- there 's no question `` tropic thunder '' takes chances . ben stiller , left , and robert downey jr. in `` tropic thunder , '' a comedy about self-absorbed hollywood types making a `` platoon '' - style war movie , downey plays australian actor kirk lazarus , a multiple oscar-winning performer who gets so involved in his roles that he forgets to come out of them .
917	madrid , spain -lrb- cnn -rrb- -- a spanair md-82 airliner was not on fire as it took off from madrid 's airport but lifted off slightly into the air , fell back to the ground and caught fire only after skidding off the side of the runway , a source familiar said friday . initially , there were indications that an engine might have caught fire as the plane was taking off , but the source said airport video shows the plane lifting off , veering sharply right and then dragging or skidding down the right side of the runway . eighty of the bodies recovered from the wreckage of wednesday 's fiery plane crash have been identified , spanish authorities said friday .
918	like nearly everything else clinton-related this week , hillary clinton 's convention speech remained a question mark until the last minute . `` that is our mission , democrats -- let us elect barack obama and joe biden , '' the new york senator told a capacity crowd waving signs that said `` unity '' on one side and bore either clinton 's or obama 's name on the other . watch clinton 's entire speech '' the overriding goal for clinton tuesday night was to redirect the energy and emotion of her strongest supporters to the presumptive nominee 's campaign -- if not for his political future , for her own .
919	1 million in fines against american airlines on thursday over maintenance issues and problems with its drug - and alcohol-testing programs . american airlines was fined for allowing aircrafts to fly while they knew they needed repairs . `` the faa believes the large total amount of the fine for these violations is appropriate because american airlines was aware that appropriate repairs were needed , and instead deferred maintenance , '' the federal aviation administration said in a statement announcing the decision .
920	lucie , florida -lrb- cnn -rrb- -- tropical storm fay , stalled near cape canaveral , florida , soaked portions of east-central florida late wednesday , and the national hurricane center said it could dump 30 inches of rain in some areas of the state . m. et , the storm was just off the coast of central florida about 35 miles southeast of daytona beach , the national hurricane center said . nasa reported receiving 21 inches of rain from the storm wednesday , said craig fugate , florida 's emergency management director .
921	s. olympic committee and the international olympic committee are expected to ask a federal judge monday to shut down web sites they allege scam customers trying to buy olympic tickets , according to court documents . the ioc and the usoc filed lawsuits on july 22 against several web sites -- primarily www. several consumers who purchased tickets from the site contacted the usoc when they did not receive tickets , despite numerous calls and e-mails to the web sites founder , according to a usoc press release .
922	cern , switzerland -lrb- cnn -rrb- -- scientists wednesday applauded as one of the most ambitious experiments ever conceived got successfully underway , with protons being fired around a 27-kilometer -lrb- 17-mile -rrb- tunnel deep beneath the border of france and switzerland in an attempt to unlock the secrets of the universe . the large hadron collider -- a $ 9 billion particle accelerator designed to simulate conditions of the big bang that created the physical universe -- was switched on at 0732 gmt to cheers and applause from experts gathered to witness the event . skeptics , who claim that the experiment could lead to the creation of a black hole capable of swallowing the planet , failed in a legal bid to halt the project at cern , the european organization for nuclear research .
923	chinn 's face for television : picking up his asian tv award in 2007 . english boarding school taught him that food could be an awful experience ; wall street taught him that creativity was more important than money and a stint as a stand-up comedian taught him that you ca n't always get it right . while his palate was subdued by the meals he was given at school in england when he was a boy , his meandering route to becoming a chef came some time after attaining a degree in finance and economics .
924	-lrb- cnn -rrb- -- actor and filmmaker joe pantoliano , known for his role as ralph cifaretto on the hbo series `` the sopranos , '' attended the democratic national convention on monday to raise awareness about people living with mental illness . pantoliano , founder and president of the eight-month-old advocacy organization no kidding , me too , released a teaser of his new film about various forms of mental illness . i always love the festive partying , the camaraderie , the working for the candidate , whether it was somebody in the 3rd ward where i lived in new jersey in hoboken or a senator or a congressman or even when a president would come .
925	la paz , bolivia -lrb- cnn -rrb- -- five of bolivia 's nine states staged a civic strike tuesday , protesting against president evo morales and demanding a larger share of the country 's natural gas revenues . officials in santa cruz , beni , pando , tarija -- states in the wealthy , eastern lowland known as the `` media luna , '' or half-moon -- and chuquisaca , also in the eastern part of the country , instructed residents not to leave their homes until the end of the one-day strike , bolivian newspaper el diario reported . the five departments contain much of the andean country 's natural gas deposits , and their leaders are asking for natural gas revenue that morales has earmarked to increase funding for pension plans , the five regions said in a statement on the strike posted on santa cruz 's web site .
926	s. base in afghanistan on thursday honor the victims of september 11 , 2001 . according to numbers cnn has compiled from military statements , 112 american troops have died in afghanistan in 2008 , compared with 111 in all of 2007 . in addition to those killed in afghanistan , the military also includes troops who died outside the country if they were part of operation enduring freedom , the war launched nearly seven years ago in and around afghanistan .
927	london , england -lrb- cnn -rrb- -- rare images of an african animal so elusive that it was once believed to be mythical have been released . okapis were last seen in the drc 50 years ago , and the images are the first to capture the animal in the wild . `` to have captured the first-ever photographs of such a charismatic creature is amazing , '' said noelle kumpel , manager of the bushmeat and forests conservation program at the zoological society of london , which took the pictures .
928	reese witherspoon says she wants to banish the myth that young women are not at risk for breast cancer . -lrb- cnn -rrb- -- every three minutes in the united states , a woman is diagnosed with breast cancer . according to the avon foundation breast cancer crusade , there is a 97 percent five-year survival rate when breast cancer is caught before it spreads to other parts of the body .
929	-lrb- cnn -rrb- -- five years ago , robert rogers was driving home with his family from a wedding when a flash flood took his wife and four children from him in an instant . as water filled the van , rogers kicked out a window in a last-ditch effort to save his family . '' watch the story of the rogers family tragedy '' rogers ' mission manifests itself in a variety of ways .
930	madrid , spain -lrb- cnn -rrb- -- relatives of a woman killed in a spanish airline crash were erroneously given the remains of another victim , and then were asked by authorities to return them , cnn partner network cnn + reported thursday . a madrid judge has opened an investigation into the error , and judicial sources say the initial indication is that the mixup occurred not in the proper identification of the victim , but in delivering the wrong remains to the family in question , cnn + reported . but as the family was preparing to leave madrid , officials called to tell them about the error and asked for the return of urn 104 , cnn + reported .
931	barack obama is in excellent health , according to a statement from his doctor , released by the campaign . scheiner , who has been obama 's primary doctor since 1987 , observed that the illinois senator 's diet , weight , blood pressure and cholesterol were all healthy . mccain 's doctors also described him as being in `` excellent health , '' despite a history of skin cancer , and said there appears to be no physical reason why the 71-year-old candidate could not carry out the duties of the office .
932	-lrb- cnn -rrb- -- two russian bombers have landed at a venezuelan airfield where they will carry out training flights for several days , the russian defense ministry said wednesday . the tupolev tu-160 strategic bombers landed at venezuela 's libertador military airfield and `` will spend several days carrying out training flights over neutral waters , after which they will return to the base , '' the ministry added . it said the russian flights were carried out in strict accordance with international rules governing airspace above neutral waters , and that the aircraft did not violate the borders of other states .
933	-lrb- cnn -rrb- -- a jetblue flight from boston , massachusetts , to fort lauderdale , florida , was diverted saturday when a fight broke out after someone was smoking in the bathroom , federal officials said . a jetblue plane was held in north carolina for two hours while passengers were interviewed . one passenger aboard jetblue flight 455 was taken into custody at raleigh-durham international airport in north carolina after the plane landed about 5:45 p.
934	baghdad , iraq -lrb- cnn -rrb- -- coalition troops on monday formally handed over security control of iraq 's anbar province -- once the hub of the country 's sunni insurgency , to iraqis on monday . bush described the transfer as a major victory against al-qaeda extremists who once held sway in the area . now a bastion of tribal opposition , it is also the scene of an internal sunni political struggle between the iraqi islamic party , one of iraq 's main sunni parties , and the awakening movement , the first anti-al qaeda in iraq movement established in the country .
935	as he lay in his hospital bed in sacramento , california , vicki minor put her hand on his shoulder . '' since 1999 , minor has dedicated herself to providing emergency assistance and ongoing support to injured and fallen wildfire fighters and their families nationwide through her wildland firefighter foundation . but it was n't until tragedy struck in 1994 at storm king mountain , colorado , where 14 firefighters perished in a single day , that minor was overcome with a need to assist the families .
936	-lrb- cnn -rrb- -- cheri morgan spent about half-an-hour in line at a houston-area gas station on thursday before evacuating the city . ireporter cheri morgan says drivers were panicking thursday at a houston , texas , gas station . `` everyone was driving crazy and they really need some kind of traffic flow at the gas stations .
937	-lrb- cnn -rrb- -- police have arrested a man in the killing of auburn university freshman lauren burk , who died this week , according to the auburn , alabama , assistant police chief . courtney larrell lockhart , 23 , of smiths , alabama , is charged with capital murder during a kidnapping , capital murder during a robbery , and capital murder during an attempted rape , tommy dawson said saturday . burk , 18 , from marietta , georgia , was found shot on north college street , a few miles north of campus , on tuesday night .
938	s.-led forces captured two men believed to be senior al qaeda in iraq leaders , including one suspected of planning the 2006 kidnapping of u. abu tiba is suspected to have been in charge of as many 15 al qaeda in iraq `` attack cells , '' providing them with money , weapons and explosives , according to the statement . `` the capture of abu tiba and abu uthman eliminates two of the few remaining experienced leaders in the aqi -lsb- al qaeda in iraq -rsb- network , '' the statement said .
939	-lrb- cnn -rrb- -- the new york giants ' unlikely win over the new england patriots is already being called one of the biggest shockers in super bowl history , and the amazing catch david tyree made to set up the game-winning touchdown wo n't be forgotten anytime soon . pint-sized giants fans , luka and kristian radovich , celebrate after plaxico burress ' game-winning catch . anyway , i think pats are still the best team in the league , and i was there that snowy night when brady got us to the super bowl at the last second with -lrb- adam vinatieri kicking -rrb- that amazing field goal ! so go pats ! go !!! irving horowitz of princeton , new jersey there are three sport moments in my life that i will take to my grave with a broad grin and deep pleasure : the first was the bobby thompson home run for the new york -lrb- baseball -rrb- giants in 1951 to defeat the dodgers ; a varsity game while i was at hobart & william smith when , as a member of the faculty and staff , we defeated a first-class varsity team in 1962 and i made the winning basket with 28 seconds on the clock -lrb- i have the press clippings to prove this -rrb- ; and the biggest thrill of them all : watching the new york -lrb- football -rrb- giants win super bowl xlii against the new england patriots .
940	moscow , russia -lrb- cnn -rrb- -- members of a russian doomsday cult barricaded themselves in a cave to wait out the end of the world as the cult 's leader underwent psychiatric exams thursday , russian media reported . the cult , which calls itself the `` true russian orthodox church , '' believes the world will end in may . the cult leader is in police custody awaiting proceedings on charges that he set up an organization `` whose activity is associated with violence on citizens and instigation to refuse to perform their civil duties , '' according to the state-funded itar-tass news agency .
941	-lrb- cnn -rrb- -- parma have signed ac milan 's 18-year-old alberto paloschi in a co-ownership deal , the serie b club announced on their web site on wednesday . paloschi scored with his first touch when he made his debut as a milan sub in february . he scored twice in seven appearances last season but his prospects of regular first team football this season diminished sharply after the signings of andrei shevchenko and ronaldinho .
942	com -rrb- -- on any given day here at `` o , the oprah magazine , '' there are somewhere in the neighborhood of 69 very talented , extremely detail oriented , high-energy , hardworking women and men all doing their jobs and doing them well . i 'm answering e-mails , writing cover lines , scheduling a dental appointment here , partial highlights there , kicking myself for not getting sushi at lunch . i mosey into the ladies ' room , glance at the mirror , remind myself that fluorescent lights make everyone look as if they 're in the final stages of tuberculosis , and head for a stall .
943	-lrb- cnn -rrb- -- hillary clinton 's campaign has apologized for `` inappropriate '' language used by her husband in response to what it called an `` outrageously unfair '' article about the former president . the article , by vanity fair magazine 's national editor todd purdum , suggested that bill clinton 's personality had changed since his 2004 heart bypass surgery and said that there were reports of clinton `` seeing a lot of women on the road . '' purdum quoted four anonymous former clinton aides saying that another of his former assistants had conducted `` what one of these aides called an intervention '' about the reports of philandering .
944	harare , zimbabwe -lrb- cnn -rrb- -- zimbabwe 's inflation rate has soared in the past three months and is now at 11. the country 's finance minister confirmed the new figure in an interview but said the rising inflation rate was not confined to zimbabwe alone . last week , one of zimbabwe 's leading banks , kingdom bank , said the country 's inflation rate was now more than 20 million percent .
945	-lrb- cnn -rrb- -- six people were killed and 13 wounded in the shelling of south ossetia by georgian forces , south ossetian officials said saturday , according to russia 's interfax news agency . '' later , however , mamuka kurashvili , the commander of georgian peacekeeping operations , told reporters that four people were wounded when several georgian villages were fired upon from south ossetia , and georgia `` had to return fire . '' women , children and the elderly were being evacuated from the conflict zone because of fears that georgia would continue military operations against the region , according to the south ossetian information and press committee as reported by interfax .
946	new delhi , india -lrb- cnn -rrb- -- three weeks after an apparent misunderstanding sparked a confrontation , deadly hindu-christian riots continue unabated in the remote east indian state of orissa . by tuesday , about 20 deaths had been reported , said praveen kumar , the superintendent of police in the worst-affected kandhamal district . the latest casualty is a police officer who died after an armed mob of about 400 to 500 mostly hindus torched a police station in the district on monday , orissa state police said .
947	-lrb- cnn -rrb- -- it 's been five days since hurricane ike smashed into the texas coast , but people are still struggling mightily with its effects . flags of the united states and texas fly where homes stood in gilchrist , texas , before ike 's wrath came ashore . galveston , texas wrecked homes and possessions strewn around the ubiquitous sludge were the sights awaiting residents of galveston , some of whom were allowed to check their property on wednesday , khou reported .
948	baghdad , iraq -lrb- cnn -rrb- -- darryl mathis waits in his pensacola , florida , home for the body of his 24-year-old son to return home from iraq . mathis , a military veteran himself , was seething with anger thursday as he spoke about the death of army staff sgt. darryl and his wife , maxine -lrb- dawson 's stepmother -rrb- , say the military has told them nothing about the incident : no details on his death , no information at all .
949	buenos aires , argentina -lrb- cnn -rrb- -- when susana trimarco 's daughter marita veron was 23 , she vanished from their hometown in argentina , a suspected victim of a human trafficking and prostitution ring with links throughout latin america and europe . trimarco , 54 , has spent the past 6 1/2 years searching for her daughter , often putting herself at risk . while chasing down leads on marita 's whereabouts , she 's entered dark and dangerous brothels and confronted pimps and politicians who , she says , are complicit in her daughter 's disappearance .
950	david paterson of new york has told state agencies to recognize same-sex marriages performed in states and countries where they are legal , his spokeswoman said wednesday . the governor 's legal counsel told state agencies in a may 14 memo to revise policies and regulations to recognize same-sex marriages performed in california and massachusetts as well as canada and other countries that allow gays and lesbians to marry , said erin duggan , the governor 's spokeswoman . the memo informed state agencies that failing to recognize gay marriages would violate the new york 's human rights law , duggan said .
951	london , england -lrb- cnn -rrb- -- britain 's prince william is starting a two-month attachment with the royal navy on monday , part of the future king 's continued experience with various branches of the military , the ministry of defense said saturday . prince william and his father , prince charles , at his graduation from the royal air force in april . william , 25 , will spend the first part of his attachment on a basic sea safety course training in sea survival , firefighting and ship damage repair , according to the ministry .
952	-lrb- real simple -rrb- -- with soaring gas prices and travel costs , the cheapest route to whisk yourself away this summer is through a good book . stunningly evocative and gorgeously written , this truly magnificent book will replace your entire life for one perfect day . '' jackie collins `` whacked , '' by jules asner `` she 's a first-time author , married to director steven soderbergh , and this delicious tale of revenge -- set in l.
953	dubai , united arab emirates -lrb- cnn -rrb- -- an american sailor fatally shot two female sailors before shooting himself monday inside a u. the alleged shooter , a male , survived the self-inflicted gunshot and was in critical condition at a military hospital in bahrain , the navy said . the motive for the shootings is unclear , but the navy said the incident was not terror-related and it involved only u.
954	-lrb- cnn -rrb- -- an earthquake shook southern iceland on thursday , reportedly causing injuries and damaging roads and buildings . its epicenter was about 50 km -lrb- 31 miles -rrb- east-southeast of the capital , reykjavik , and was about 10 km -lrb- 6. it was unclear exactly how many people were injured or the severity of their injuries , olli tynes , a journalist with reykjavik 's channel 2 , told cnn .
955	george ryan and a co-defendant lost another legal round at the supreme court on tuesday and will remain in prison on federal racketeering and fraud convictions . george ryan walks out of a chicago , illinois , courthouse after his april 2006 conviction . ryan and businessman larry warner claimed they did not receive a fair trial , but the justices , without comment , refused to intervene in the case .
956	they and thousands of prospective parents , eager to adopt children from abroad , have found themselves in an emotional legal limbo since two of the most popular countries for international adoptions -- guatemala and vietnam -- recently halted their programs . now would-be mothers and fathers around the united states wonder what will become of their quest to adopt a child -- a pursuit that can fray nerves , cost up to $ 30,000 and span several years . after the united states accused adoption agencies there of corruption and baby-selling , vietnam said in april that it would no longer allow adoptions to the united states .
957	washington -lrb- cnn -rrb- -- a navy admiral engaged in sexual relations in the white house in 1990 with a federal employee whom he falsely told he was a widower , according to a report released friday by the defense department . he also lied when he told investigators he did not engage in sexual relations with the woman , identified as `` jane doe , '' the defense department 's inspector general 's report said . jane doe told investigators that she and stufflebeem began their affair on an overseas trip in 1989 , that the married admiral told her he was a widower who was raising his children as a single parent and that they had sexual relations several times , including once in a white house room reserved for `` military aides with overnight duties .
958	jakarta , indonesia -lrb- cnn -rrb- -- indonesia will withdraw from the organization of petroleum exporting countries at the end of the year , the country 's energy minister told foreign journalists wednesday . purnomo yusgiantoro said the move follows declining oil production levels in indonesia that have left the country a net importer of oil . `` in the future , if our production -lrb- comes -rrb- back again to the level that gives us a status as a net oil exporter , then i think we can go back to opec again , '' he said .
959	-lrb- cnn -rrb- -- authorities have re-arrested three men in connection with the disappearance of an alabama teenager in aruba in 2005 , based on new evidence in the case , prosecutors announced wednesday . brothers deepak and satish kalpoe were arrested in aruba at the same time authorities in the netherlands picked up joran van der sloot at the request of the aruban government , the statement said . watch interview with holloway 's father '' van der sloot , now 20 , and the kalpoes , now ages 24 and 21 , were the last people seen with holloway , 18 , as she left carlos n ' charlie 's nightclub in oranjestad , aruba , about 1:30 a.
960	s. customs agents were arrested on charges they helped smuggle drugs and other contraband through new york 's john f. the dea says two customs officials at jfk international airport helped smuggle drugs and contraband . customs supervisor walter golembiowski and officer john ajello face narcotics , bribery and conspiracy charges in the case , according to the u.
961	-lrb- cnn -rrb- -- more than 100 countries attending a conference in dublin , ireland formally adopted a treaty friday to ban cluster bombs -- a large , unreliable and inaccurate weapon that often affects civilians long after the end of armed conflict . the accord calls for a total , immediate ban of the weapons , strong standards to protect those injured by them , contaminated areas to be cleaned up as quickly as possible and for the weapons to be immediately destroyed , he said . thomas nash , coordinator of the cmc campaigning organization , said wednesday : `` this is a great achievement for everyone who has been working hard to see the end of 40 years of suffering from these weapons .
962	lagos , nigeria -lrb- ap -rrb- -- a rebel group that has been attacking oil pipelines in southern nigeria claimed responsibility on monday for another strike and said it killed 11 government soldiers in fighting that followed the sabotage . the nigerian military confirmed an attack on an oil pipeline and an explosion , but called the claim that 11 soldiers were killed a `` lie '' and `` pure propaganda . yet rebel attacks on oil pipelines in the niger delta have cut overall production by roughly 10 percent -- meaning 200,000 fewer barrels of oil on some days .
963	barack obama received key endorsements friday from a top former clinton administration official and two former democratic senators . robert reich , a former clinton cabinet member and longtime friend of the former president , formally endorsed obama 's white house bid , saying that `` my conscience wo n't let me be silent any longer . '' `` although hillary clinton has offered solid and sensible policy proposals , obama 's strike me as even more so , '' reich wrote on his blog .
964	johannesburg , south africa -lrb- cnn -rrb- -- the atmosphere was tense in cape town on friday after xenophobic violence that has left more than 40 dead in johannesburg spread to south africa 's largest city . clashes overnight resulted in one death and 15 arrests and the evacuations of 420 foreign nationals , a police official in cape town said . `` crowds of people went on a rampage , looting and carrying out acts of violence , '' said cape town police superintendent billy jones .
965	london , england -lrb- cnn -rrb- -- the founder of the free burma coalition accused myanmar neighbors china and india on thursday of failing to do their share of `` heavy lifting '' in aiding victims of the myanmar cyclone . maung zarni , a visiting research fellow at oxford university , said both nations could do more in trying to persuade the myanmar junta to allow international aid workers and equipment into the country . `` china is n't doing its share of heavy lifting , and the same can be said about india as well , '' zarni said .
966	amstetten , austria -lrb- cnn -rrb- -- josef fritzl , who austrian police say has confessed to imprisoning his daughter for 24 years and fathering seven of her children , twice holidayed in thailand while she remained trapped in a cellar below his house , according to german media reports . germany 's bild newspaper quoted a holiday companion , identified only as paul h , who said he and 73-year-old fritzl traveled to thailand together twice and spent time in each other 's homes . `` once i saw how josef bought an evening dress and racy lingerie for a very slim woman in pattaya -lsb- thailand -rsb- on the beach .
967	-lrb- cnn -rrb- -- all sides involved in the controversy over the use of embryonic stem cells in research claimed vindication tuesday after two teams of researchers reported having reprogrammed human skin cells to act like the stem cells , which have the potential of morphing into other cells and thereby curing disease . people who believe that life begins at conception liken the destruction of the embryonic stem cells to killing and therefore oppose their use in research . `` by avoiding techniques that destroy life , while vigorously supporting alternative approaches , president bush is encouraging scientific advancement within ethical boundaries , '' the white house said tuesday in a written statement on the new research .
968	'' -lrb- cnn -rrb- -- can we all just stop the silly nonsense over who is an elitist and whether an `` average american '' will occupy the white house ? listening to the punditry today , you would think folks who revel in the comedy of larry the cable guy or katt williams really would have a shot at the white house . barack obama is all of a sudden an elitist because he went to columbia and harvard ?
969	-lrb- cnn -rrb- -- children from a polygamist sect who one mother says are `` hurting very badly '' in state custody are likely to be returned to their parents , a cnn legal analyst says . '' a texas appeals court ruled thursday that the state had no right to remove hundreds of children from the fundamentalist church of latter-day saints ' ranch in eldorado on april 3 , based on the suspicion that a few were being sexually abused . `` i 'm very grateful , but i 'd like to see the children in my arms before i rejoice greatly , '' margaret jessop said on cnn 's `` larry king live .
970	beirut , lebanon -lrb- cnn -rrb- -- the fiery leader of lebanon 's hezbollah militant movement assured lebanon on monday that his movement will cooperate in the country 's political life . hassan nasrallah said : `` we do n't want to have control over lebanon , or to have governance over lebanon or to impose our ideas over the people of lebanon , because we believe lebanon to be a special and diverse country that needs the collaboration of everyone . lebanon 's western-backed government and the hezbollah-led opposition reached a deal last week aimed at ending an 18-month political crisis that pushed the country to the brink of civil war , and paved the way for sleiman 's election .
971	narseal batiste , the group 's alleged ringleader , testified he was n't serious about the terrorism threats he made . the decision comes after 13 days of deliberation and marks the second time government prosecutors have failed to convince a jury that the six defendants were guilty of terror-related charges . the first trial ended in a mistrial last december after nine days of deliberations left a jury hopelessly deadlocked on the six defendants .
972	consumer reports magazine recently reached a similar conclusion when it announced the results of a study that compared the cost of ownership of more than 300 cars . the report , which appeared in consumer reports ' annual april auto issue , was based on a comparison of the 300 models in the consumer reports database . but when factoring in the total costs of ownership for each vehicle , the lancer could cost drivers about $ 3,000 more to own over the first five years , according to the study .
973	s. customs and border patrol agent was killed saturday when he was struck by a car driven by a suspected narcotics smuggler , officials said . luis aguilar , 32 , who was assigned to the yuma , arizona , border patrol station , died saturday , u. aguilar is survived by his wife and two children , along with his brother , who is also a border patrol agent , a homeland security department statement said .
974	'' that 's why on saturdays , salva and a group of 60 to 100 students , parents and teachers can be found venturing into the high altitude of their northern argentina mountains , trash bags in hand and llamas in tow . they 're part of esperanza de vida -lrb- hope for life -rrb- , salva 's youth environmental group that is out to clean up the surroundings , one plastic bottle at a time . salva , 49 , was born and raised in the jujuy province of northern argentina , an area known for its rich culture and spectacular vistas -- `` the reason why most people fall in love with it , '' says salva .
975	london , england -lrb- cnn -rrb- -- human rights and freedom of the press in china , the detention of terrorist suspects by the united states and russia 's treatment of political dissent are the focus of scrutiny in amnesty international 's annual report , released wednesday , which looks at the state of human rights around the world . the 398-page report comes 60 years after the united nations adopted the universal declaration of human rights , and amnesty says governments still need to act on their promises . irene khan , amnesty 's secretary-general , said that in particular , `` the human-rights flash points in darfur , zimbabwe , gaza , iraq and myanmar demand immediate attention .
976	atlanta , georgia -lrb- cnn -rrb- -- sixty-four cases of measles have been diagnosed in the united states this year , the most in seven years , according to the center for disease control and prevention . s. in 2000 , but the risk of cases and outbreaks from imported disease remains , '' the organization said in a news release . interactive : more about measles '' in 54 of this year 's cases the victims imported the measles from other countries , the cdc said .
977	-lrb- cnn -rrb- -- a colorado woman is being pursued as a `` person of interest '' in connection with phone calls that triggered the raid of a texas polygamist ranch , authorities said friday . texas rangers are seeking rozita swinton of colorado springs , colorado , `` regarding telephone calls placed to a crisis center hot line in san angelo , texas , in late march 2008 , '' the rangers said in a written statement . the raid of the yfz -lrb- yearning for zion -rrb- ranch in eldorado , texas , came after a caller -- who identified herself as a 16-year-old girl -- said she had been physically and sexually abused by an adult man with whom she was forced into a `` spiritual marriage .
978	san francisco , california -lrb- cnn -rrb- -- thousands of protesters demonstrated against china 's human rights record and its crackdown in tibet after the olympic flame arrived in san francisco tuesday . chanting and waving flags , the protesters ended their march at the chinese consulate , where they sat in a dense group , holding flags and banners , as police watched from nearby . meanwhile , the olympic flame was being kept in an undisclosed location in advance of wednesday 's planed 6-mile relay in san francisco .
979	vernon boys & girls club in new york at the age of 6 and remained an active member for the next 12 years . since 1994 , he has served as a volunteer national spokesman for boys & girls clubs of america , appearing in public service announcements on television and in print . denzel washington says america 's leaders need to pay attention to the crisis affecting our children .
980	san francisco , california -lrb- cnn -rrb- -- thousands of protesters demonstrated against china 's human rights record and its crackdown in tibet after the olympic flame arrived in san francisco tuesday . chanting and waving flags , the protesters ended their march at the chinese consulate , where they sat in a dense group , holding flags and banners , as police watched from nearby . meanwhile , the olympic flame was being kept in an undisclosed location in advance of wednesday 's planed 6-mile relay in san francisco .
981	hillary clinton 's chief presidential campaign strategist is quitting his post amid criticism of his public relations firm 's contacts with the colombian government over a pending free-trade deal , clinton 's campaign announced . mark penn and his political consulting firm will continue to advise the new york senator 's democratic presidential bid , but penn will give up his job as chief strategist , campaign manager maggie williams said . `` after the events of the last few days , mark penn has asked to give up his role as chief strategist of the clinton campaign , '' williams said .
982	'' the 26-year-old joined boro from barcelona in 2005 and played 91 games for the teesside club . rochemback , who netted seven times for boro , played a major role in helping the club reach the 2006 uefa cup final , a year after appearing in the final during a loan spell with sporting lisbon -- where he is expected to move back to this summer . the former spain midfielder joined permanently on a free transfer in 2004 , but has not played for the first team since december 26 , 2006 .
983	douglas , arizona -lrb- cnn -rrb- -- it 's a tale of homeland security concerns blocking wildlife management , and the hue and cry that ensues . this photo , taken by warner glenn in 1996 , is believed to be the first of a live jaguar in the united states . that region is known as mountain lion country , and that 's what rancher warner glenn thought he was tracking when he saddled up his mules on a summer day 12 years ago near douglas , arizona .
984	-lrb- cnn -rrb- -- the presidents of sudan and chad signed a non-aggression agreement late thursday , aiming to halt cross-border hostilities between the two african nations . senegalese president abdoulaye wade facilitated the talks , and united nations secretary general ban ki-moon met with officials from both nations and witnessed the signing of the agreement at about 10 p. m. `` the idea is to get the governments of sudan and chad to normalize their relations with each other and to halt any action that would allow for the cross-border movement of rebel factions or armed factions of either side that could hurt the other country , '' said united nations spokesman farhan haq .
985	-lrb- cnn -rrb- -- leading jockey frankie dettori may have spent most of his life on a diet , but when it comes to his favorite pastimes food is right up there with racing . around five years ago dettori met michelin-starred chef marco pierre white and asked him where he could go out with his young family to eat . `` i could n't answer the question , '' marco pierre white told cnn , `` and that 's how frankie 's was born .
986	-lrb- cnn -rrb- -- english club birmingham city have released a statement to explain why co-owner and managing director were interviewed by police in a corruption probe . the premier league outfit temporarily suspended share trading on the london stock exchange on thursday morning after david sullivan -- who owns the club with david and ralph gold -- was questioned and bailed by officers from city of london 's economic crime unit along with md karren brady . the club released a statement on thursday afternoon to `` clarify the situation '' before trading resumed at 1300 gmt .
987	s. government has charged an international arms dealer with conspiring to sell a rebel group millions of dollars in weapons `` to be used to kill americans in colombia , '' federal prosecutors announced tuesday . viktor bout is accused of selling missiles , rockets and other weapons to farc , a colombian rebel group . viktor bout , who was recently captured in thailand , had agreed to sell the revolutionary armed forces of colombia -lrb- farc -rrb- surface-to-air missiles , armor-piercing rocket launchers , `` ultralight '' airplanes , unmanned aerial vehicles , and other weapons , the u.
988	-lrb- cnn -rrb- -- in `` street kings , '' keanu reeves ' bad-boy cop tom ludlow may not play by the rules , but the film sure does . keanu reeves , second from left , and forest whitaker are shifty cops in `` street kings . too bad that story -- the one about the constant struggle with an impure world , betrayal , disillusionment , retribution , all that jazz -- is n't told with much originality this time around .
989	-lrb- cnn -rrb- -- skybus airlines announced friday it is shutting down its passenger flights -- becoming the third airline this week to cease operations . the low-cost carrier could n't overcome `` the combination of rising jet fuel costs and a slowing economic environment , '' the company said friday . hawaii-based aloha airlines announced sunday it would shut down its passenger operations this week after filing for bankruptcy protections last month , concluding 61 years of service .
990	washington -lrb- cnn -rrb- -- a smiling pope benedict xvi arrived in the united states on tuesday afternoon to start the six-day , two-city journey that will take him from the white house to the halls of the united nations . after he stepped off the plane , benedict did not kiss the ground , as his predecessor , pope john paul ii , often did during visits . three years after succeeding pope john paul ii , benedict is likely to address the sex scandal within the catholic church , the church 's relationship with other faiths , the u.
991	-lrb- cnn -rrb- -- eight florida teenagers -- six of them girls -- will be tried as adults and could be sentenced to life in prison for their alleged roles in the videotaped beating of another teen , the state attorney 's office said thursday . the suspects , who range in age from 14 to 18 , all face charges of kidnapping , which is a first-degree felony , and battery , said chip thullbery , a spokesman for the polk county state attorney . the video shows a brutal scene : the 16-year-old victim is punched , kneed and slapped by other girls .
992	tokyo , japan -lrb- cnn -rrb- -- authorities have arrested a u. taxi driver masaaki takahashi , 61 , was found dead march 19 of stab wounds to the neck about a mile from the base in yokosuka . s. military said it plans to court martial four marines accused of raping a 19-year-old woman in hiroshima last year .
993	president warren harding made child-care payments to his mistress for years until his death in 1923 . s. president zachary taylor , sarah also was the first wife of future confederate president jefferson davis . the taylors were stationed at fort crawford -lrb- now prairie du chien , wisconsin -rrb- in 1832 , when sarah met and fell in love with a young officer named jefferson davis .
994	-lrb- cnn -rrb- -- georgian leaders may be blaming russia for the conflict raging in south ossetia , but former soviet president mikhail gorbachev said thursday `` there is no doubt '' that georgia provoked the clash . gorbachev told cnn 's larry king that russia moved additional forces into south ossetia in response to `` devastation '' in the south ossetia city of tskhinvali . '' last week , georgia said it launched an operation into south ossetia after a cease-fire was broken with artillery fire from russian separatists that killed 10 people including civilians and peacekeepers .
995	-lrb- cnn -rrb- -- the united states believes that some members of pakistan 's spy service provided support for the deadly bombing last month of india 's embassy in afghanistan , a u. pakistan strongly denied the allegation friday , but afghanistan and india have previously accused pakistan of involvement in the attack which killed 58 people including an indian defense attache . the official told cnn the evidence was not strong enough to draw a firm conclusion but there is a `` strong suspicion '' the taliban was behind the attack , and that some unspecified aid came from pakistan 's directorate of inter-services intelligence , or isi .
996	new york -lrb- cnn -rrb- -- when the emperors club vip said it was sending kristen , a call girl it described as a `` petite , very pretty brunette , 5 feet 5 inches , and 105 pounds , '' client 9 was pleased . ashley alexandra dupre writes on her myspace page : `` i have been broke and homeless . court documents reportedly identified ashley youmans -- now known as ashley alexandra dupre -- as kristen , the high-priced prostitute who met with spitzer at the mayflower hotel in washington on february 13 .
997	-lrb- cnn -rrb- -- texas authorities are investigating `` the safety of children '' at a ranch occupied by about 400 followers of polygamist sect leader warren jeffs , officials said friday . authorities have sealed off the 1,900-acre ranch near eldorado and no one is allowed to enter or leave , officials with child protective services and the department of public safety said . watch police seal off the compound '' child protective services `` is conducting an investigation into safety issues of the children who live within the compound , '' she said .
998	kampala , uganda -lrb- cnn -rrb- -- at least 19 schoolgirls died when fire erupted in their dormitory west of the capital , kampala , late monday , say police and school officials . authorities also found the bodies of two adults in the ashes of the blaze at buddo junior school in mpigi . school officials insisted that the doors were n't locked , while girls who lived there said they were .
999	gloria taylor outside london 's central criminal court with damilola 's older brother tunde in 2006 . gloria taylor , 57 , collapsed while walking with her husband richard in south-east london tuesday , the agency reported . damilola , 10 , bled to death after being attacked on his way home from oliver goldsmith primary school in november 2000 .
